worker_id,week_start,income_cad,expense_cad,essential_expense_cad,net_cashflow_cad,advances_count,advances_amount_cad,advance_fees_cad,ending_balance_cad,buffer_days_estimate,negative_balance_flag
W-0001,2026-03-30,469.44,2534.90,2513.41,-2065.46,1,56.96,0.00,1849.86,5.15,0
W-0001,2026-04-06,1091.14,335.25,251.08,755.89,0,0.00,0.00,1669.18,46.54,0
W-0001,2026-04-13,571.32,477.11,427.32,94.21,1,34.59,1.99,1037.50,17.0,0
W-0001,2026-04-20,543.95,204.89,175.61,339.06,0,0.00,0.00,2784.45,110.99,0
W-0001,2026-04-27,895.53,2704.41,2607.61,-1808.88,2,188.37,4.99,260.19,0.7,0
W-0001,2026-05-04,637.13,407.67,241.49,229.46,0,0.00,0.00,4317.11,125.14,0
W-0001,2026-05-11,695.49,107.16,0.00,588.33,1,107.47,3.22,4683.27,,0
W-0001,2026-05-18,639.32,9.99,0.00,629.33,1,93.39,1.99,5451.53,,0
W-0001,2026-05-25,272.96,37.90,0.00,235.06,0,0.00,0.00,5763.40,,0
W-0001,2026-06-01,653.61,2281.00,2281.00,-1627.39,0,0.00,0.00,6382.89,19.59,0
W-0001,2026-06-08,622.86,5.00,5.00,617.86,0,0.00,0.00,7201.35,10081.89,0
W-0001,2026-06-15,964.04,0.00,0.00,964.04,0,0.00,0.00,7836.81,,0
W-0001,2026-06-22,475.73,9.99,0.00,465.74,0,0.00,0.00,8536.17,,0
W-0001,2026-06-29,325.61,0.00,0.00,325.61,0,0.00,0.00,8966.73,,0
W-0002,2026-03-30,502.89,1847.47,1799.03,-1344.58,0,0.00,0.00,684.25,2.66,0
W-0002,2026-04-06,230.67,420.25,307.21,-189.58,0,0.00,0.00,2527.00,57.58,0
W-0002,2026-04-13,650.30,456.14,267.71,194.16,1,41.80,2.93,2080.85,54.41,0
W-0002,2026-04-20,391.12,416.46,416.46,-25.34,0,0.00,0.00,1664.39,27.98,0
W-0002,2026-04-27,966.25,1915.77,1747.70,-949.52,1,86.07,6.02,2922.59,11.71,0
W-0002,2026-05-04,533.01,591.02,445.67,-58.01,0,0.00,0.00,3455.60,54.28,0
W-0002,2026-05-11,716.48,592.85,423.84,123.63,2,155.08,6.06,190.74,3.15,0
W-0002,2026-05-18,790.53,169.55,118.57,620.98,0,0.00,0.00,4962.61,292.98,0
W-0002,2026-05-25,650.04,38.35,38.35,611.69,1,41.43,2.07,5612.65,1024.47,0
W-0002,2026-06-01,779.20,1616.00,1616.00,-836.80,1,87.41,0.00,6391.85,27.69,0
W-0002,2026-06-08,519.50,5.00,5.00,514.50,0,0.00,0.00,6911.35,9675.89,0
W-0002,2026-06-15,721.55,9.99,0.00,711.56,0,0.00,0.00,7632.90,,0
W-0002,2026-06-22,350.19,27.04,5.00,323.15,0,0.00,0.00,-49.20,-68.88,1
W-0002,2026-06-29,73.60,0.00,0.00,73.60,0,0.00,0.00,8056.69,,0
W-0003,2026-03-30,304.00,1692.49,1628.81,-1388.49,0,0.00,0.00,3640.38,15.64,0
W-0003,2026-04-06,1002.88,913.14,868.86,89.74,0,0.00,0.00,2785.24,22.44,0
W-0003,2026-04-13,624.37,472.63,472.63,151.74,0,0.00,0.00,2478.72,36.71,0
W-0003,2026-04-20,704.75,209.23,156.20,495.52,0,0.00,0.00,2103.38,94.26,0
W-0003,2026-04-27,879.90,2117.41,2062.49,-1237.51,0,0.00,0.00,1527.97,5.19,0
W-0003,2026-05-04,391.07,425.60,353.79,-34.53,0,0.00,0.00,1160.37,22.96,0
W-0003,2026-05-11,594.41,539.24,511.33,55.17,0,0.00,0.00,621.13,8.5,0
W-0003,2026-05-18,645.83,204.91,97.26,440.92,0,0.00,0.00,416.22,29.96,0
W-0003,2026-05-25,207.50,426.42,378.84,-218.92,0,0.00,0.00,-10.20,-0.19,1
W-0003,2026-06-01,893.45,1547.00,1547.00,-653.55,0,0.00,0.00,-15.20,-0.07,1
W-0003,2026-06-08,125.08,58.00,58.00,67.08,0,0.00,0.00,6770.17,817.09,0
W-0003,2026-06-15,422.55,0.00,0.00,422.55,0,0.00,0.00,7106.95,,0
W-0003,2026-06-22,798.14,0.00,0.00,798.14,0,0.00,0.00,8305.85,,0
W-0003,2026-06-29,600.01,5.00,5.00,595.01,0,0.00,0.00,8590.87,12027.22,0
W-0004,2026-03-30,369.05,1955.93,1886.67,-1586.88,0,0.00,0.00,3136.02,11.64,0
W-0004,2026-04-06,455.50,471.43,364.40,-15.93,0,0.00,0.00,3612.92,69.4,0
W-0004,2026-04-13,899.00,347.65,191.26,551.35,0,0.00,0.00,2426.93,88.82,0
W-0004,2026-04-20,773.71,441.86,285.12,331.85,0,0.00,0.00,2114.18,51.91,0
W-0004,2026-04-27,346.37,2032.17,1909.48,-1685.80,0,0.00,0.00,5667.92,20.78,0
W-0004,2026-05-04,845.44,310.06,251.40,535.38,0,0.00,0.00,1438.84,40.06,0
W-0004,2026-05-11,692.46,1026.01,785.39,-333.55,0,0.00,0.00,522.82,4.66,0
W-0004,2026-05-18,391.28,507.99,471.42,-116.71,0,0.00,0.00,3789.92,56.28,0
W-0004,2026-05-25,871.42,190.56,190.56,680.86,0,0.00,0.00,6047.67,222.15,0
W-0004,2026-06-01,445.97,1722.91,1714.00,-1276.94,0,0.00,0.00,6493.64,26.52,0
W-0004,2026-06-08,512.72,115.15,100.00,397.57,0,0.00,0.00,-122.79,-8.6,1
W-0004,2026-06-15,557.75,14.99,0.00,542.76,0,0.00,0.00,7299.78,,0
W-0004,2026-06-22,991.10,82.00,82.00,909.10,0,0.00,0.00,8331.90,711.26,0
W-0004,2026-06-29,540.71,5.00,5.00,535.71,0,0.00,0.00,8818.02,12345.23,0
W-0005,2026-03-30,569.23,169.51,136.87,399.72,1,105.84,1.99,4785.56,244.75,0
W-0005,2026-04-06,631.86,967.27,833.59,-335.41,0,0.00,0.00,4002.29,33.61,0
W-0005,2026-04-13,803.86,1473.18,1441.59,-669.32,0,0.00,0.00,3758.11,18.25,0
W-0005,2026-04-20,678.55,753.57,650.69,-75.02,0,0.00,0.00,3063.53,32.96,0
W-0005,2026-04-27,570.50,676.00,532.45,-105.50,0,0.00,0.00,2485.08,32.67,0
W-0005,2026-05-04,726.17,672.96,672.96,53.21,0,0.00,0.00,4398.53,45.75,0
W-0005,2026-05-11,679.17,1505.97,1309.64,-826.80,1,114.65,3.44,4968.04,26.55,0
W-0005,2026-05-18,336.66,456.40,186.27,-119.74,0,0.00,0.00,1224.79,46.03,0
W-0005,2026-05-25,662.89,918.73,812.86,-255.84,0,0.00,0.00,6141.48,52.89,0
W-0005,2026-06-01,1035.50,292.08,184.41,743.42,1,26.78,1.99,7136.94,270.91,0
W-0005,2026-06-08,390.23,219.02,219.02,171.21,0,0.00,0.00,-21.64,-0.69,1
W-0005,2026-06-15,968.79,1234.00,1234.00,-265.21,0,0.00,0.00,8149.25,46.23,0
W-0005,2026-06-22,720.96,63.99,54.00,656.97,0,0.00,0.00,8902.66,1154.05,0
W-0005,2026-06-29,287.97,0.00,0.00,287.97,0,0.00,0.00,9251.18,,0
W-0006,2026-03-30,557.33,1301.11,1250.45,-743.78,1,80.38,2.41,9904.59,55.45,0
W-0006,2026-04-06,1292.75,399.29,304.76,893.46,1,95.68,1.99,9496.02,218.11,0
W-0006,2026-04-13,731.63,801.46,654.41,-69.83,0,0.00,0.00,9167.18,98.06,0
W-0006,2026-04-20,1265.38,554.38,397.87,711.00,0,0.00,0.00,8692.69,152.94,0
W-0006,2026-04-27,1477.99,1205.01,1097.80,272.98,0,0.00,0.00,5534.42,35.29,0
W-0006,2026-05-04,972.79,436.77,423.28,536.02,1,57.91,1.99,7757.02,128.28,0
W-0006,2026-05-11,1336.89,866.02,683.45,470.87,1,94.94,1.99,7405.00,75.84,0
W-0006,2026-05-18,880.18,247.20,115.87,632.98,0,0.00,0.00,7157.80,432.42,0
W-0006,2026-05-25,548.12,503.08,439.87,45.04,1,30.92,2.16,6716.72,106.89,0
W-0006,2026-06-01,1199.14,1131.36,1081.93,67.78,0,0.00,0.00,6351.39,41.09,0
W-0006,2026-06-08,1250.33,283.34,130.44,966.99,0,0.00,0.00,6026.02,323.38,0
W-0006,2026-06-15,919.01,1029.55,932.61,-110.54,0,0.00,0.00,5510.47,41.36,0
W-0006,2026-06-22,1229.10,607.22,472.37,621.88,1,77.54,0.00,4965.25,73.58,0
W-0006,2026-06-29,461.06,142.10,126.65,318.96,1,27.94,1.99,14331.04,792.08,0
W-0007,2026-03-30,438.22,1261.35,1220.35,-823.13,0,0.00,0.00,3173.03,18.2,0
W-0007,2026-04-06,384.76,204.26,193.10,180.50,0,0.00,0.00,1122.53,40.69,0
W-0007,2026-04-13,717.47,489.35,378.06,228.12,0,0.00,0.00,2599.41,48.13,0
W-0007,2026-04-20,753.36,1092.68,984.77,-339.32,0,0.00,0.00,1598.73,11.36,0
W-0007,2026-04-27,565.09,1600.13,1472.41,-1035.04,0,0.00,0.00,1035.32,4.92,0
W-0007,2026-05-04,411.04,712.84,712.84,-301.80,0,0.00,0.00,288.76,2.84,0
W-0007,2026-05-11,305.73,547.91,439.58,-242.18,0,0.00,0.00,3875.22,61.71,0
W-0007,2026-05-18,520.79,121.99,97.00,398.80,0,0.00,0.00,4396.01,317.24,0
W-0007,2026-05-25,95.46,143.52,68.00,-48.06,0,0.00,0.00,-244.67,-25.19,1
W-0007,2026-06-01,473.64,1065.22,950.00,-591.58,0,0.00,0.00,4965.11,36.59,0
W-0007,2026-06-08,481.97,5.00,5.00,476.97,0,0.00,0.00,5447.08,7625.91,0
W-0007,2026-06-15,619.30,211.99,187.00,407.31,0,0.00,0.00,3574.35,133.8,0
W-0007,2026-06-22,598.33,68.00,68.00,530.33,0,0.00,0.00,4135.35,425.7,0
W-0007,2026-06-29,479.64,0.00,0.00,479.64,0,0.00,0.00,7018.44,,0
W-0008,2026-03-30,625.25,353.97,353.97,271.28,0,0.00,0.00,664.87,13.15,0
W-0008,2026-04-06,990.99,494.01,220.52,496.98,1,73.89,5.17,1655.86,52.56,0
W-0008,2026-04-13,1443.74,1962.85,1734.27,-519.11,1,113.00,7.91,5300.37,21.39,0
W-0008,2026-04-20,566.40,456.85,154.70,109.55,1,67.48,3.37,4843.52,219.16,0
W-0008,2026-04-27,552.44,716.61,412.32,-164.17,0,0.00,0.00,4218.44,71.62,0
W-0008,2026-05-04,666.85,417.61,273.08,249.24,0,0.00,0.00,3897.30,99.9,0
W-0008,2026-05-11,1410.92,2093.44,1844.33,-682.52,0,0.00,0.00,6296.21,23.9,0
W-0008,2026-05-18,703.45,740.41,620.67,-36.96,1,39.08,0.00,2575.17,29.04,0
W-0008,2026-05-25,698.92,734.46,523.75,-35.54,1,59.09,1.99,1885.98,25.21,0
W-0008,2026-06-01,841.10,132.64,92.93,708.46,0,0.00,0.00,8539.68,643.26,0
W-0008,2026-06-08,677.24,474.23,386.97,203.01,0,0.00,0.00,1534.08,27.75,0
W-0008,2026-06-15,531.87,1762.63,1677.22,-1230.76,0,0.00,0.00,1120.54,4.68,0
W-0008,2026-06-22,1344.35,346.29,253.12,998.06,1,26.43,1.99,11093.14,306.78,0
W-0008,2026-06-29,429.04,46.37,46.37,382.67,0,0.00,0.00,11522.18,1739.38,0
W-0009,2026-03-30,333.48,568.28,543.15,-234.80,0,0.00,0.00,704.93,9.08,0
W-0009,2026-04-06,314.30,295.82,247.15,18.48,0,0.00,0.00,1019.23,28.87,0
W-0009,2026-04-13,700.61,2097.42,2072.09,-1396.81,0,0.00,0.00,1719.84,5.81,0
W-0009,2026-04-20,455.45,89.52,29.48,365.93,0,0.00,0.00,602.34,143.03,0
W-0009,2026-04-27,641.04,748.70,532.84,-107.66,0,0.00,0.00,2816.33,37.0,0
W-0009,2026-05-04,611.45,55.00,55.00,556.45,0,0.00,0.00,3427.78,436.26,0
W-0009,2026-05-11,554.95,1877.99,1863.00,-1323.04,0,0.00,0.00,-11.36,-0.04,1
W-0009,2026-05-18,513.48,0.00,0.00,513.48,0,0.00,0.00,4496.21,,0
W-0009,2026-05-25,752.54,145.00,145.00,607.54,0,0.00,0.00,5248.75,253.39,0
W-0009,2026-06-01,754.94,74.32,60.00,680.62,0,0.00,0.00,6003.69,700.43,0
W-0009,2026-06-08,658.30,140.00,140.00,518.30,0,0.00,0.00,6661.99,333.1,0
W-0009,2026-06-15,618.55,1783.34,1718.00,-1164.79,0,0.00,0.00,7280.54,29.66,0
W-0009,2026-06-22,458.79,157.92,140.00,300.87,0,0.00,0.00,7739.33,386.97,0
W-0009,2026-06-29,190.03,0.00,0.00,190.03,0,0.00,0.00,7929.36,,0
W-0010,2026-03-30,370.45,2120.84,2014.06,-1750.39,0,0.00,0.00,2657.97,9.24,0
W-0010,2026-04-06,672.06,310.85,204.94,361.21,0,0.00,0.00,2347.12,80.17,0
W-0010,2026-04-13,522.18,267.76,183.80,254.42,0,0.00,0.00,2079.36,79.19,0
W-0010,2026-04-20,1152.41,171.23,100.82,981.18,0,0.00,0.00,2917.31,202.55,0
W-0010,2026-04-27,474.96,2413.63,2347.30,-1938.67,0,0.00,0.00,1488.50,4.44,0
W-0010,2026-05-04,163.96,205.65,148.98,-41.69,0,0.00,0.00,1282.85,60.28,0
W-0010,2026-05-11,1090.90,264.26,217.87,826.64,0,0.00,0.00,1061.63,34.11,0
W-0010,2026-05-18,803.52,410.22,90.68,393.30,0,0.00,0.00,668.37,51.59,0
W-0010,2026-05-25,929.33,424.54,187.56,504.79,0,0.00,0.00,6519.19,243.31,0
W-0010,2026-06-01,570.36,2152.18,2095.60,-1581.82,0,0.00,0.00,25.65,0.09,0
W-0010,2026-06-08,650.81,15.92,15.92,634.89,0,0.00,0.00,7740.36,3403.42,0
W-0010,2026-06-15,331.20,34.40,5.00,296.80,0,0.00,0.00,7894.90,11052.86,0
W-0010,2026-06-22,649.11,60.00,60.00,589.11,0,0.00,0.00,8329.53,971.78,0
W-0010,2026-06-29,106.14,5.00,5.00,101.14,0,0.00,0.00,8826.81,12357.53,0
W-0011,2026-03-30,237.01,1326.93,1166.46,-1089.92,1,121.02,1.99,386.98,2.32,0
W-0011,2026-04-06,605.03,319.40,211.50,285.63,0,0.00,0.00,4244.11,140.47,0
W-0011,2026-04-13,558.14,334.41,187.81,223.73,1,108.41,5.42,3943.59,146.98,0
W-0011,2026-04-20,510.52,347.21,257.31,163.31,0,0.00,0.00,4888.44,132.99,0
W-0011,2026-04-27,848.76,1478.83,1357.88,-630.07,0,0.00,0.00,3348.66,17.26,0
W-0011,2026-05-04,513.06,190.52,177.33,322.54,0,0.00,0.00,3158.14,124.67,0
W-0011,2026-05-11,326.95,253.45,85.40,73.50,0,0.00,0.00,2904.69,238.09,0
W-0011,2026-05-18,609.32,385.63,370.37,223.69,0,0.00,0.00,2584.06,48.84,0
W-0011,2026-05-25,497.55,712.73,555.00,-215.18,0,0.00,0.00,1937.33,24.43,0
W-0011,2026-06-01,1214.36,1431.20,1308.23,-216.84,0,0.00,0.00,1640.13,8.78,0
W-0011,2026-06-08,494.66,368.32,237.91,126.34,0,0.00,0.00,1303.30,38.35,0
W-0011,2026-06-15,259.23,330.48,73.56,-71.25,0,0.00,0.00,941.33,89.58,0
W-0011,2026-06-22,1099.13,468.05,307.14,631.08,0,0.00,0.00,604.28,13.77,0
W-0011,2026-06-29,477.12,134.97,46.53,342.15,0,0.00,0.00,8551.44,1286.48,0
W-0012,2026-03-30,353.66,5.00,5.00,348.66,1,29.83,0.00,537.14,752.0,0
W-0012,2026-04-06,353.15,5.00,5.00,348.15,0,0.00,0.00,890.29,1246.41,0
W-0012,2026-04-13,507.26,1993.00,1993.00,-1485.74,1,23.79,0.00,1397.55,4.91,0
W-0012,2026-04-20,347.07,0.00,0.00,347.07,0,0.00,0.00,1744.62,,0
W-0012,2026-04-27,356.85,5.00,5.00,351.85,0,0.00,0.00,2101.47,2942.06,0
W-0012,2026-05-04,509.61,0.00,0.00,509.61,0,0.00,0.00,2611.08,,0
W-0012,2026-05-11,452.93,2017.99,1998.00,-1565.06,3,98.07,3.98,3064.01,10.73,0
W-0012,2026-05-18,597.42,26.69,0.00,570.73,0,0.00,0.00,3661.43,,0
W-0012,2026-05-25,328.40,111.36,80.00,217.04,1,24.72,1.99,3989.83,349.11,0
W-0012,2026-06-01,394.54,0.00,0.00,394.54,0,0.00,0.00,4384.37,,0
W-0012,2026-06-08,246.53,5.00,5.00,241.53,0,0.00,0.00,-791.77,-1108.48,1
W-0012,2026-06-15,199.93,2017.99,1998.00,-1818.06,0,0.00,0.00,4830.83,16.92,0
W-0012,2026-06-22,559.43,0.00,0.00,559.43,0,0.00,0.00,5390.26,,0
W-0013,2026-03-30,393.32,1442.43,1346.88,-1049.11,0,0.00,0.00,3830.52,19.91,0
W-0013,2026-04-06,951.55,1601.70,1464.16,-650.15,0,0.00,0.00,3060.25,14.63,0
W-0013,2026-04-13,798.08,451.46,201.54,346.62,0,0.00,0.00,2581.35,89.66,0
W-0013,2026-04-20,402.72,368.47,300.77,34.25,0,0.00,0.00,2212.88,51.5,0
W-0013,2026-04-27,513.72,1101.09,1050.96,-587.37,0,0.00,0.00,3439.21,22.91,0
W-0013,2026-05-04,1043.01,1177.55,1055.86,-134.54,0,0.00,0.00,4041.13,26.79,0
W-0013,2026-05-11,1108.83,399.54,204.40,709.29,0,0.00,0.00,1318.69,45.16,0
W-0013,2026-05-18,467.39,428.21,302.05,39.18,0,0.00,0.00,5755.71,133.39,0
W-0013,2026-05-25,572.26,848.13,546.34,-275.87,0,0.00,0.00,127.35,1.63,0
W-0013,2026-06-01,635.53,1888.92,1831.07,-1253.39,0,0.00,0.00,6752.97,25.82,0
W-0013,2026-06-08,537.22,33.93,0.00,503.29,0,0.00,0.00,7703.01,,0
W-0013,2026-06-15,873.59,90.00,90.00,783.59,0,0.00,0.00,7937.88,617.39,0
W-0013,2026-06-22,886.97,11.88,0.00,875.09,0,0.00,0.00,8981.89,,0
W-0013,2026-06-29,553.64,40.22,0.00,513.42,0,0.00,0.00,9474.41,,0
W-0014,2026-03-30,556.72,940.00,940.00,-383.28,0,0.00,0.00,589.68,4.39,0
W-0014,2026-04-06,456.27,82.00,82.00,374.27,0,0.00,0.00,1045.95,89.29,0
W-0014,2026-04-13,270.85,816.00,816.00,-545.15,0,0.00,0.00,1316.80,11.3,0
W-0014,2026-04-20,251.43,226.67,188.00,24.76,1,52.30,1.99,1568.23,58.39,0
W-0014,2026-04-27,405.30,940.00,940.00,-534.70,1,77.00,3.85,1973.53,14.7,0
W-0014,2026-05-04,610.14,82.00,82.00,528.14,0,0.00,0.00,2583.67,220.56,0
W-0014,2026-05-11,100.11,816.00,816.00,-715.89,0,0.00,0.00,655.94,5.63,0
W-0014,2026-05-18,311.81,217.84,183.00,93.97,0,0.00,0.00,2995.59,114.59,0
W-0014,2026-05-25,542.81,5.00,5.00,537.81,1,67.33,4.71,3538.40,4953.76,0
W-0014,2026-06-01,731.12,940.00,940.00,-208.88,0,0.00,0.00,4269.52,31.79,0
W-0014,2026-06-08,308.57,82.00,82.00,226.57,0,0.00,0.00,4578.09,390.81,0
W-0014,2026-06-15,618.56,999.00,999.00,-380.44,2,97.59,3.98,5196.65,36.41,0
W-0014,2026-06-22,576.07,0.00,0.00,576.07,0,0.00,0.00,5772.72,,0
W-0014,2026-06-29,130.22,5.00,5.00,125.22,0,0.00,0.00,-248.57,-348.0,1
W-0015,2026-03-30,347.45,1366.76,1333.93,-1019.31,0,0.00,0.00,3559.41,18.68,0
W-0015,2026-04-06,634.40,460.69,247.83,173.71,0,0.00,0.00,584.73,16.52,0
W-0015,2026-04-13,433.98,242.22,202.10,191.76,2,195.80,1.99,2950.38,102.19,0
W-0015,2026-04-20,689.82,974.92,974.92,-285.10,0,0.00,0.00,1901.57,13.65,0
W-0015,2026-04-27,526.51,1862.96,1743.59,-1336.45,1,48.34,2.42,1263.61,5.07,0
W-0015,2026-05-04,848.79,291.96,196.83,556.83,0,0.00,0.00,971.65,34.56,0
W-0015,2026-05-11,358.78,505.25,359.66,-146.47,0,0.00,0.00,607.12,11.82,0
W-0015,2026-05-18,155.93,440.02,353.96,-284.09,0,0.00,0.00,46.37,0.92,0
W-0015,2026-05-25,953.35,66.02,66.02,887.33,0,0.00,0.00,-19.65,-2.08,1
W-0015,2026-06-01,107.30,1225.00,1225.00,-1117.70,0,0.00,0.00,5088.63,29.08,0
W-0015,2026-06-08,551.87,0.00,0.00,551.87,1,49.71,1.99,5497.03,,0
W-0015,2026-06-15,625.92,19.99,0.00,605.93,0,0.00,0.00,6266.42,,0
W-0015,2026-06-22,708.72,0.00,0.00,708.72,0,0.00,0.00,7092.43,,0
W-0015,2026-06-29,461.00,7.23,0.00,453.77,0,0.00,0.00,7436.14,,0
W-0016,2026-03-30,318.86,352.00,321.12,-33.14,0,0.00,0.00,445.03,9.7,0
W-0016,2026-04-06,193.49,435.64,381.23,-242.15,1,33.17,0.00,900.15,16.53,0
W-0016,2026-04-13,222.92,996.89,984.64,-773.97,0,0.00,0.00,1123.07,7.98,0
W-0016,2026-04-20,435.69,106.00,106.00,329.69,1,78.76,1.99,1558.76,102.94,0
W-0016,2026-04-27,298.28,226.52,193.00,71.76,1,20.14,1.99,1857.04,67.35,0
W-0016,2026-05-04,601.09,42.71,0.00,558.38,0,0.00,0.00,2458.13,,0
W-0016,2026-05-11,246.20,979.00,979.00,-732.80,1,46.17,0.00,2704.33,19.34,0
W-0016,2026-05-18,455.76,0.00,0.00,455.76,0,0.00,0.00,3160.09,,0
W-0016,2026-05-25,230.20,213.00,213.00,17.20,0,0.00,0.00,3390.29,111.42,0
W-0016,2026-06-01,524.89,81.00,81.00,443.89,3,210.93,10.54,3915.18,338.35,0
W-0016,2026-06-08,305.43,107.00,107.00,198.43,0,0.00,0.00,4220.61,276.11,0
W-0016,2026-06-15,47.59,906.53,872.00,-858.94,0,0.00,0.00,-124.25,-1.0,1
W-0016,2026-06-22,182.59,213.00,213.00,-30.41,1,65.01,1.99,4450.79,146.27,0
W-0016,2026-06-29,84.24,0.00,0.00,84.24,0,0.00,0.00,4535.03,,0
W-0017,2026-03-30,227.92,1815.55,1720.50,-1587.63,0,0.00,0.00,3733.74,15.19,0
W-0017,2026-04-06,794.09,510.59,336.80,283.50,0,0.00,0.00,3279.15,68.15,0
W-0017,2026-04-13,659.25,606.86,593.75,52.39,0,0.00,0.00,1994.85,23.52,0
W-0017,2026-04-20,430.44,559.37,340.62,-128.93,0,0.00,0.00,2300.92,47.29,0
W-0017,2026-04-27,524.64,2032.97,2004.98,-1508.33,0,0.00,0.00,1908.80,6.66,0
W-0017,2026-05-04,866.74,629.50,496.61,237.24,0,0.00,0.00,3816.67,53.8,0
W-0017,2026-05-11,650.38,330.25,282.23,320.13,0,0.00,0.00,983.20,24.39,0
W-0017,2026-05-18,954.11,355.95,148.48,598.16,0,0.00,0.00,666.93,31.44,0
W-0017,2026-05-25,897.52,728.76,594.69,168.76,0,0.00,0.00,123.64,1.46,0
W-0017,2026-06-01,211.14,1795.43,1675.00,-1584.29,0,0.00,0.00,6529.82,27.29,0
W-0017,2026-06-08,647.62,0.00,0.00,647.62,0,0.00,0.00,7057.57,,0
W-0017,2026-06-15,674.79,10.00,10.00,664.79,0,0.00,0.00,7725.43,5407.8,0
W-0017,2026-06-22,991.39,222.10,188.00,769.29,0,0.00,0.00,8843.62,329.28,0
W-0017,2026-06-29,675.67,0.00,0.00,675.67,0,0.00,0.00,9417.67,,0
W-0018,2026-03-30,400.58,2079.47,2010.26,-1678.89,0,0.00,0.00,7400.13,25.77,0
W-0018,2026-04-06,1044.99,728.67,650.06,316.32,0,0.00,0.00,5773.40,62.17,0
W-0018,2026-04-13,1324.49,551.92,433.80,772.57,0,0.00,0.00,5167.81,83.39,0
W-0018,2026-04-20,232.56,761.70,539.59,-529.14,0,0.00,0.00,4511.37,58.53,0
W-0018,2026-04-27,733.35,1900.99,1828.28,-1167.64,0,0.00,0.00,4208.38,16.11,0
W-0018,2026-05-04,1109.11,803.58,612.66,305.53,1,116.78,3.50,3594.80,41.07,0
W-0018,2026-05-11,1610.23,576.44,413.48,1033.79,0,0.00,0.00,3073.36,52.03,0
W-0018,2026-05-18,935.10,498.20,353.72,436.90,0,0.00,0.00,2690.16,53.24,0
W-0018,2026-05-25,667.26,207.77,150.78,459.49,0,0.00,0.00,8294.40,385.07,0
W-0018,2026-06-01,975.58,2900.48,2771.87,-1924.90,0,0.00,0.00,9497.56,23.98,0
W-0018,2026-06-08,793.96,493.34,330.82,300.62,1,115.07,1.99,931.57,19.71,0
W-0018,2026-06-15,1262.67,471.54,351.22,791.13,0,0.00,0.00,599.13,11.94,0
W-0018,2026-06-22,951.33,678.08,519.11,273.25,0,0.00,0.00,11870.03,160.06,0
W-0018,2026-06-29,271.19,5.00,5.00,266.19,0,0.00,0.00,12549.13,17568.78,0
W-0019,2026-03-30,748.59,360.02,289.32,388.57,0,0.00,0.00,11174.62,270.37,0
W-0019,2026-04-06,1341.73,569.96,500.97,771.77,0,0.00,0.00,2199.04,30.73,0
W-0019,2026-04-13,671.81,1484.59,1401.61,-812.78,0,0.00,0.00,10552.06,52.7,0
W-0019,2026-04-20,764.90,391.58,369.51,373.32,0,0.00,0.00,3840.28,72.75,0
W-0019,2026-04-27,1356.88,885.11,844.45,471.77,1,57.40,0.00,4668.47,38.7,0
W-0019,2026-05-04,866.27,596.64,510.99,269.63,1,27.52,1.99,9118.73,124.92,0
W-0019,2026-05-11,1215.05,1760.13,1615.10,-545.08,1,103.10,3.09,8522.60,36.94,0
W-0019,2026-05-18,1215.51,899.08,709.55,316.43,1,108.27,5.41,7633.51,75.31,0
W-0019,2026-05-25,1276.95,925.15,700.78,351.80,1,75.94,0.00,6890.36,68.83,0
W-0019,2026-06-01,2032.84,25.04,25.04,2007.80,1,120.43,8.43,10390.50,2904.69,0
W-0019,2026-06-08,1607.52,1353.04,1158.45,254.48,0,0.00,0.00,6042.79,36.51,0
W-0019,2026-06-15,1017.62,1132.78,1058.96,-115.16,1,35.81,0.00,5811.49,38.42,0
W-0019,2026-06-22,1222.15,544.83,418.04,677.32,0,0.00,0.00,5448.66,91.24,0
W-0019,2026-06-29,930.07,19.19,19.19,910.88,0,0.00,0.00,16094.37,5870.8,0
W-0020,2026-03-30,601.06,1570.20,1532.94,-969.14,0,0.00,0.00,902.40,4.12,0
W-0020,2026-04-06,420.73,593.73,424.27,-173.00,0,0.00,0.00,3406.61,56.21,0
W-0020,2026-04-13,909.45,426.25,346.05,483.20,0,0.00,0.00,3087.36,62.45,0
W-0020,2026-04-20,733.83,821.97,459.19,-88.14,0,0.00,0.00,2368.38,36.1,0
W-0020,2026-04-27,1131.13,1981.21,1981.21,-850.08,0,0.00,0.00,4097.54,14.48,0
W-0020,2026-05-04,270.19,568.93,498.78,-298.74,0,0.00,0.00,6324.51,88.76,0
W-0020,2026-05-11,592.99,841.37,715.96,-248.38,0,0.00,0.00,4960.72,48.5,0
W-0020,2026-05-18,743.13,448.03,358.81,295.10,0,0.00,0.00,5703.85,111.28,0
W-0020,2026-05-25,856.78,345.80,263.93,510.98,0,0.00,0.00,6560.63,174.0,0
W-0020,2026-06-01,772.90,1319.00,1319.00,-546.10,0,0.00,0.00,7333.53,38.92,0
W-0020,2026-06-08,730.92,270.60,270.60,460.32,0,0.00,0.00,8064.45,208.61,0
W-0020,2026-06-15,407.23,83.00,83.00,324.23,0,0.00,0.00,5984.51,504.72,0
W-0020,2026-06-22,636.46,131.99,112.00,504.47,0,0.00,0.00,9108.14,569.26,0
W-0020,2026-06-29,233.37,0.00,0.00,233.37,0,0.00,0.00,9341.51,,0
W-0021,2026-03-30,433.76,1198.87,1171.74,-765.11,0,0.00,0.00,5432.68,32.45,0
W-0021,2026-04-06,479.39,388.67,256.48,90.72,0,0.00,0.00,5044.01,137.66,0
W-0021,2026-04-13,629.21,455.43,198.54,173.78,0,0.00,0.00,4710.55,166.08,0
W-0021,2026-04-20,389.25,314.42,154.84,74.83,0,0.00,0.00,2108.56,95.32,0
W-0021,2026-04-27,366.23,953.41,896.70,-587.18,0,0.00,0.00,4108.75,32.07,0
W-0021,2026-05-04,745.80,276.83,245.55,468.97,0,0.00,0.00,3094.57,88.22,0
W-0021,2026-05-11,321.16,955.35,717.58,-634.19,0,0.00,0.00,3100.57,30.25,0
W-0021,2026-05-18,550.22,429.98,259.46,120.24,0,0.00,0.00,2670.59,72.05,0
W-0021,2026-05-25,1132.77,384.24,301.11,748.53,0,0.00,0.00,2286.35,53.15,0
W-0021,2026-06-01,596.32,1287.35,1238.00,-691.03,0,0.00,0.00,1848.06,10.45,0
W-0021,2026-06-08,704.24,502.50,180.51,201.74,0,0.00,0.00,1362.69,52.84,0
W-0021,2026-06-15,731.98,514.92,431.25,217.06,0,0.00,0.00,902.58,14.65,0
W-0021,2026-06-22,995.80,282.84,137.45,712.96,0,0.00,0.00,7866.26,400.61,0
W-0021,2026-06-29,437.49,185.42,43.83,252.07,0,0.00,0.00,8379.63,1338.29,0
W-0022,2026-03-30,277.52,1538.83,1507.08,-1261.31,0,0.00,0.00,10119.81,47.0,0
W-0022,2026-04-06,566.80,337.94,243.59,228.86,0,0.00,0.00,9781.87,281.1,0
W-0022,2026-04-13,1081.69,412.49,338.25,669.20,0,0.00,0.00,9394.37,194.41,0
W-0022,2026-04-20,879.69,460.31,369.21,419.38,0,0.00,0.00,9018.06,170.98,0
W-0022,2026-04-27,1207.16,1213.43,1031.00,-6.27,1,26.70,1.99,8790.55,59.68,0
W-0022,2026-05-04,1051.68,551.72,351.27,499.96,0,0.00,0.00,8352.91,166.45,0
W-0022,2026-05-11,1214.57,459.71,308.38,754.86,0,0.00,0.00,7893.20,179.17,0
W-0022,2026-05-18,1057.52,684.84,512.80,372.68,1,102.69,3.08,11257.61,153.67,0
W-0022,2026-05-25,1013.27,378.86,225.60,634.41,0,0.00,0.00,6938.49,215.29,0
W-0022,2026-06-01,1113.15,1697.71,1652.52,-584.56,1,51.31,1.99,6340.78,26.86,0
W-0022,2026-06-08,1698.24,329.23,273.50,1369.01,0,0.00,0.00,6011.55,153.86,0
W-0022,2026-06-15,835.31,731.48,504.52,103.83,0,0.00,0.00,5305.06,73.61,0
W-0022,2026-06-22,1043.09,553.14,324.28,489.95,1,109.16,7.64,4835.92,104.39,0
W-0022,2026-06-29,868.29,120.16,65.02,748.13,1,105.11,5.26,13606.84,1464.9,0
W-0023,2026-03-30,441.12,2141.73,2048.51,-1700.61,0,0.00,0.00,3306.03,11.3,0
W-0023,2026-04-06,327.45,737.29,534.58,-409.84,0,0.00,0.00,2809.08,36.78,0
W-0023,2026-04-13,818.93,413.11,356.75,405.82,0,0.00,0.00,2272.21,44.58,0
W-0023,2026-04-20,780.09,720.78,658.13,59.31,0,0.00,0.00,1645.85,17.51,0
W-0023,2026-04-27,955.07,2441.99,2188.55,-1486.92,0,0.00,0.00,1126.35,3.6,0
W-0023,2026-05-04,470.79,329.49,182.38,141.30,0,0.00,0.00,767.37,29.45,0
W-0023,2026-05-11,661.40,779.52,732.14,-118.12,0,0.00,0.00,4612.03,44.1,0
W-0023,2026-05-18,755.75,63.62,63.62,692.13,0,0.00,0.00,5037.45,554.26,0
W-0023,2026-05-25,860.11,145.00,145.00,715.11,0,0.00,0.00,6070.09,293.04,0
W-0023,2026-06-01,345.95,1893.00,1893.00,-1547.05,0,0.00,0.00,6573.84,24.31,0
W-0023,2026-06-08,1037.49,125.63,71.00,911.86,0,0.00,0.00,7454.67,734.97,0
W-0023,2026-06-15,1009.01,0.00,0.00,1009.01,0,0.00,0.00,8620.34,,0
W-0023,2026-06-22,597.54,140.00,140.00,457.54,0,0.00,0.00,9387.38,469.37,0
W-0023,2026-06-29,648.88,0.00,0.00,648.88,0,0.00,0.00,9718.52,,0
W-0024,2026-03-30,576.87,271.24,250.30,305.63,0,0.00,0.00,5373.64,150.28,0
W-0024,2026-04-06,1293.21,465.61,321.23,827.60,0,0.00,0.00,2119.54,46.19,0
W-0024,2026-04-13,336.12,2001.37,1911.18,-1665.25,0,0.00,0.00,4569.71,16.74,0
W-0024,2026-04-20,1054.95,557.74,484.52,497.21,0,0.00,0.00,4011.97,57.96,0
W-0024,2026-04-27,947.80,601.96,479.19,345.84,0,0.00,0.00,3455.10,50.47,0
W-0024,2026-05-04,1244.29,354.26,310.88,890.03,1,120.47,0.00,3055.75,68.81,0
W-0024,2026-05-11,868.76,2162.96,1986.77,-1294.20,0,0.00,0.00,2596.79,9.15,0
W-0024,2026-05-18,604.92,395.61,319.73,209.31,0,0.00,0.00,2220.65,48.62,0
W-0024,2026-05-25,664.03,423.21,293.94,240.82,0,0.00,0.00,1777.97,42.34,0
W-0024,2026-06-01,769.62,277.42,140.89,492.20,0,0.00,0.00,8285.83,411.67,0
W-0024,2026-06-08,642.88,174.72,168.02,468.16,0,0.00,0.00,1420.83,59.19,0
W-0024,2026-06-15,1051.42,1783.39,1683.79,-731.97,0,0.00,0.00,10304.33,42.84,0
W-0024,2026-06-22,411.60,429.73,197.56,-18.13,0,0.00,0.00,816.71,28.94,0
W-0024,2026-06-29,0.00,101.47,101.47,-101.47,0,0.00,0.00,715.24,49.34,0
W-0025,2026-03-30,0.00,1601.50,1590.76,-1601.50,0,0.00,0.00,5909.93,26.01,0
W-0025,2026-04-06,579.67,820.94,602.96,-241.27,0,0.00,0.00,5327.98,61.85,0
W-0025,2026-04-13,1136.14,513.13,351.53,623.01,0,0.00,0.00,1803.31,35.91,0
W-0025,2026-04-20,410.32,529.48,215.76,-119.16,0,0.00,0.00,2555.79,82.92,0
W-0025,2026-04-27,1054.03,2026.58,1898.33,-972.55,0,0.00,0.00,3401.86,12.54,0
W-0025,2026-05-04,1138.86,556.00,343.02,582.86,0,0.00,0.00,3227.79,65.87,0
W-0025,2026-05-11,687.23,333.81,176.28,353.42,0,0.00,0.00,2903.97,115.32,0
W-0025,2026-05-18,723.89,270.33,127.28,453.56,0,0.00,0.00,2695.64,148.25,0
W-0025,2026-05-25,904.21,287.37,79.26,616.84,0,0.00,0.00,2408.27,212.69,0
W-0025,2026-06-01,968.89,1824.29,1803.92,-855.40,0,0.00,0.00,6307.40,24.48,0
W-0025,2026-06-08,547.05,755.34,683.36,-208.29,0,0.00,0.00,1301.63,13.33,0
W-0025,2026-06-15,1285.76,357.46,152.00,928.30,0,0.00,0.00,1032.20,47.54,0
W-0025,2026-06-22,563.78,491.36,331.45,72.42,0,0.00,0.00,614.68,12.98,0
W-0025,2026-06-29,795.07,165.16,137.19,629.91,0,0.00,0.00,10882.40,555.26,0
W-0026,2026-03-30,0.00,1052.76,782.32,-1052.76,0,0.00,0.00,2661.61,23.82,0
W-0026,2026-04-06,76.37,257.20,257.20,-180.83,0,0.00,0.00,2299.73,62.59,0
W-0026,2026-04-13,722.70,725.88,509.86,-3.18,0,0.00,0.00,1776.85,24.39,0
W-0026,2026-04-20,563.71,319.00,182.17,244.71,0,0.00,0.00,1774.53,68.19,0
W-0026,2026-04-27,462.42,1077.93,955.99,-615.51,0,0.00,0.00,1184.92,8.68,0
W-0026,2026-05-04,271.91,400.16,191.80,-128.25,0,0.00,0.00,784.76,28.64,0
W-0026,2026-05-11,399.33,1022.35,632.12,-623.02,0,0.00,0.00,2998.77,33.21,0
W-0026,2026-05-18,445.92,102.68,59.00,343.24,0,0.00,0.00,3281.00,389.27,0
W-0026,2026-05-25,642.10,91.92,0.00,550.18,0,0.00,0.00,-170.19,,1
W-0026,2026-06-01,470.86,746.00,746.00,-275.14,0,0.00,0.00,4393.96,41.23,0
W-0026,2026-06-08,442.67,5.00,5.00,437.67,0,0.00,0.00,4836.63,6771.28,0
W-0026,2026-06-15,328.32,262.00,262.00,66.32,0,0.00,0.00,5164.95,137.99,0
W-0026,2026-06-22,471.93,0.00,0.00,471.93,0,0.00,0.00,5636.88,,0
W-0026,2026-06-29,250.81,0.00,0.00,250.81,0,0.00,0.00,5887.69,,0
W-0027,2026-03-30,177.10,775.18,690.99,-598.08,0,0.00,0.00,3819.80,38.7,0
W-0027,2026-04-06,1062.67,749.96,749.96,312.71,0,0.00,0.00,3360.84,31.37,0
W-0027,2026-04-13,723.15,1957.86,1910.62,-1234.71,0,0.00,0.00,2325.17,8.52,0
W-0027,2026-04-20,498.21,319.95,255.56,178.26,0,0.00,0.00,2964.29,81.19,0
W-0027,2026-04-27,1266.86,398.27,246.40,868.59,0,0.00,0.00,4090.24,116.2,0
W-0027,2026-05-04,1082.29,976.12,927.74,106.17,0,0.00,0.00,5172.53,39.03,0
W-0027,2026-05-11,655.03,2274.03,2207.24,-1619.00,0,0.00,0.00,1492.61,4.73,0
W-0027,2026-05-18,849.24,402.87,282.53,446.37,0,0.00,0.00,6676.80,165.43,0
W-0027,2026-05-25,567.29,777.05,639.50,-209.76,0,0.00,0.00,7244.09,79.29,0
W-0027,2026-06-01,1166.57,669.22,495.78,497.35,0,0.00,0.00,8410.66,118.75,0
W-0027,2026-06-08,950.80,216.00,216.00,734.80,0,0.00,0.00,9361.46,303.38,0
W-0027,2026-06-15,1061.66,1725.89,1698.00,-664.23,0,0.00,0.00,10423.12,42.97,0
W-0027,2026-06-22,885.86,186.33,137.00,699.53,0,0.00,0.00,11308.98,577.83,0
W-0028,2026-03-30,122.66,719.09,631.15,-596.43,0,0.00,0.00,4485.64,49.75,0
W-0028,2026-04-06,501.29,772.06,538.10,-270.77,0,0.00,0.00,3713.58,48.31,0
W-0028,2026-04-13,750.57,1358.53,1113.07,-607.96,0,0.00,0.00,1568.21,9.86,0
W-0028,2026-04-20,451.24,591.44,513.59,-140.20,0,0.00,0.00,2019.45,27.52,0
W-0028,2026-04-27,944.15,919.49,827.51,24.66,0,0.00,0.00,2963.60,25.07,0
W-0028,2026-05-04,745.00,649.66,467.50,95.34,0,0.00,0.00,1625.09,24.33,0
W-0028,2026-05-11,393.30,1080.46,989.98,-687.16,0,0.00,0.00,3905.24,27.61,0
W-0028,2026-05-18,952.34,721.92,515.17,230.42,0,0.00,0.00,5224.82,70.99,0
W-0028,2026-05-25,684.07,516.62,397.92,167.45,0,0.00,0.00,142.46,2.51,0
W-0028,2026-06-01,604.15,759.06,759.06,-154.91,0,0.00,0.00,6471.00,59.68,0
W-0028,2026-06-08,801.12,0.00,0.00,801.12,0,0.00,0.00,7274.97,,0
W-0028,2026-06-15,765.75,881.81,865.00,-116.06,0,0.00,0.00,-96.41,-0.78,1
W-0028,2026-06-22,680.28,21.69,5.00,658.59,0,0.00,0.00,-118.10,-165.34,1
W-0028,2026-06-29,284.12,0.00,0.00,284.12,0,0.00,0.00,8873.73,,0
W-0029,2026-03-30,493.39,2333.89,2244.27,-1840.50,1,102.00,5.10,6559.55,20.46,0
W-0029,2026-04-06,662.08,582.37,426.94,79.71,0,0.00,0.00,6023.16,98.75,0
W-0029,2026-04-13,606.47,258.01,117.72,348.46,0,0.00,0.00,5765.15,342.81,0
W-0029,2026-04-20,168.03,582.12,304.28,-414.09,0,0.00,0.00,5295.86,121.83,0
W-0029,2026-04-27,840.47,2154.64,2012.95,-1314.17,0,0.00,0.00,4904.39,17.05,0
W-0029,2026-05-04,737.41,580.23,539.12,157.18,0,0.00,0.00,3848.89,49.97,0
W-0029,2026-05-11,1478.85,310.03,218.14,1168.82,2,183.27,7.28,5584.81,179.21,0
W-0029,2026-05-18,1248.27,648.82,386.73,599.45,2,134.00,5.24,3544.83,64.16,0
W-0029,2026-05-25,1427.33,321.85,207.24,1105.48,1,77.94,5.46,3276.88,110.68,0
W-0029,2026-06-01,811.07,2464.05,2377.44,-1652.98,1,119.77,8.38,2618.32,7.71,0
W-0029,2026-06-08,775.87,474.64,289.76,301.23,1,73.50,2.21,9853.37,238.04,0
W-0029,2026-06-15,1307.84,539.87,294.50,767.97,0,0.00,0.00,10605.42,252.08,0
W-0029,2026-06-22,1571.51,309.47,101.40,1262.04,0,0.00,0.00,1348.43,93.09,0
W-0029,2026-06-29,438.79,62.26,22.66,376.53,0,0.00,0.00,12908.42,3987.6,0
W-0030,2026-03-30,365.57,1794.08,1712.88,-1428.51,0,0.00,0.00,3904.61,15.96,0
W-0030,2026-04-06,723.95,227.39,227.39,496.56,0,0.00,0.00,3795.41,116.84,0
W-0030,2026-04-13,912.94,247.39,55.20,665.55,0,0.00,0.00,3504.83,444.45,0
W-0030,2026-04-20,1071.96,335.77,291.80,736.19,0,0.00,0.00,3169.06,76.02,0
W-0030,2026-04-27,439.85,1750.15,1566.70,-1310.30,0,0.00,0.00,2953.91,13.2,0
W-0030,2026-05-04,305.54,624.64,538.10,-319.10,0,0.00,0.00,2404.27,31.28,0
W-0030,2026-05-11,564.04,340.01,203.06,224.03,1,78.09,2.34,2064.26,71.16,0
W-0030,2026-05-18,744.03,215.04,62.98,528.99,0,0.00,0.00,1849.22,205.53,0
W-0030,2026-05-25,685.34,320.74,197.78,364.60,0,0.00,0.00,1528.48,54.1,0
W-0030,2026-06-01,477.61,1838.00,1777.81,-1360.39,0,0.00,0.00,1225.48,4.83,0
W-0030,2026-06-08,869.88,748.67,708.87,121.21,0,0.00,0.00,551.81,5.45,0
W-0030,2026-06-15,662.15,102.58,47.66,559.57,0,0.00,0.00,449.23,65.98,0
W-0030,2026-06-22,880.46,261.42,116.60,619.04,0,0.00,0.00,202.69,12.17,0
W-0030,2026-06-29,77.68,55.61,55.61,22.07,0,0.00,0.00,8993.69,1132.1,0
W-0031,2026-03-30,0.00,2293.05,2248.72,-2293.05,0,0.00,0.00,5852.08,18.22,0
W-0031,2026-04-06,984.99,505.79,400.81,479.20,0,0.00,0.00,5361.66,93.64,0
W-0031,2026-04-13,210.43,1291.32,1060.93,-1080.89,0,0.00,0.00,4660.34,30.75,0
W-0031,2026-04-20,1240.28,458.93,302.16,781.35,0,0.00,0.00,4201.41,97.33,0
W-0031,2026-04-27,1219.63,2338.33,2329.60,-1118.70,1,106.42,5.32,3488.06,10.48,0
W-0031,2026-05-04,1257.73,302.73,271.47,955.00,0,0.00,0.00,5420.14,139.76,0
W-0031,2026-05-11,1448.16,1031.31,867.15,416.85,0,0.00,0.00,3226.04,26.04,0
W-0031,2026-05-18,961.87,715.22,608.72,246.65,0,0.00,0.00,2535.32,29.16,0
W-0031,2026-05-25,1033.62,124.67,44.61,908.95,0,0.00,0.00,2386.15,374.42,0
W-0031,2026-06-01,1500.13,2355.16,2278.60,-855.03,0,0.00,0.00,2114.42,6.5,0
W-0031,2026-06-08,1446.99,271.93,84.55,1175.06,0,0.00,0.00,1866.06,154.49,0
W-0031,2026-06-15,776.88,1414.42,1160.17,-637.54,0,0.00,0.00,1221.35,7.37,0
W-0031,2026-06-22,1513.88,309.24,120.49,1204.64,0,0.00,0.00,13894.05,807.19,0
W-0031,2026-06-29,250.45,64.04,64.04,186.41,0,0.00,0.00,14144.50,1546.09,0
W-0032,2026-03-30,277.49,2250.23,2216.54,-1972.74,1,56.05,1.99,1482.80,4.68,0
W-0032,2026-04-06,1021.81,1078.15,946.68,-56.34,0,0.00,0.00,975.65,7.21,0
W-0032,2026-04-13,295.78,543.02,488.44,-247.24,0,0.00,0.00,447.62,6.41,0
W-0032,2026-04-20,541.55,301.66,227.61,239.89,0,0.00,0.00,2447.19,75.26,0
W-0032,2026-04-27,323.06,1765.19,1765.19,-1442.13,1,69.92,0.00,3966.00,15.73,0
W-0032,2026-05-04,462.94,576.00,576.00,-113.06,1,94.62,6.62,3233.19,39.29,0
W-0032,2026-05-11,628.20,14.99,0.00,613.21,0,0.00,0.00,2155.02,,0
W-0032,2026-05-18,468.58,0.00,0.00,468.58,0,0.00,0.00,4329.97,,0
W-0032,2026-05-25,392.78,5.00,5.00,387.78,0,0.00,0.00,4722.75,6611.85,0
W-0032,2026-06-01,958.41,2182.40,2169.00,-1223.99,0,0.00,0.00,2185.00,7.05,0
W-0032,2026-06-08,440.27,37.77,0.00,402.50,0,0.00,0.00,6360.14,,0
W-0032,2026-06-15,1169.12,14.99,0.00,1154.13,0,0.00,0.00,7290.55,,0
W-0032,2026-06-22,956.44,0.00,0.00,956.44,0,0.00,0.00,8246.99,,0
W-0032,2026-06-29,430.01,0.00,0.00,430.01,0,0.00,0.00,8398.87,,0
W-0033,2026-03-30,148.06,836.21,768.80,-688.15,0,0.00,0.00,8982.44,81.79,0
W-0033,2026-04-06,989.94,500.67,432.64,489.27,1,126.95,3.81,8515.10,137.77,0
W-0033,2026-04-13,1515.72,951.43,885.96,564.29,0,0.00,0.00,8317.34,65.72,0
W-0033,2026-04-20,723.33,663.91,568.74,59.42,0,0.00,0.00,7792.43,95.91,0
W-0033,2026-04-27,1174.26,1675.22,1424.95,-500.96,0,0.00,0.00,7143.12,35.09,0
W-0033,2026-05-04,1014.00,635.25,452.28,378.75,0,0.00,0.00,6152.96,95.23,0
W-0033,2026-05-11,743.09,1029.18,966.16,-286.09,0,0.00,0.00,6793.93,49.22,0
W-0033,2026-05-18,996.57,736.56,614.59,260.01,0,0.00,0.00,5313.22,60.52,0
W-0033,2026-05-25,1249.06,355.46,324.56,893.60,1,63.02,4.41,4957.76,106.93,0
W-0033,2026-06-01,1261.67,1130.22,978.08,131.45,1,152.87,10.70,4498.54,32.2,0
W-0033,2026-06-08,997.34,594.11,358.28,403.23,0,0.00,0.00,3904.43,76.28,0
W-0033,2026-06-15,970.18,1057.08,952.31,-86.90,0,0.00,0.00,3773.35,27.74,0
W-0033,2026-06-22,1020.19,553.36,385.63,466.83,0,0.00,0.00,13009.96,236.16,0
W-0033,2026-06-29,928.69,95.71,68.20,832.98,0,0.00,0.00,13938.65,1430.65,0
W-0034,2026-03-30,321.14,240.17,159.46,80.97,1,44.35,3.10,2280.93,100.13,0
W-0034,2026-04-06,567.58,695.50,662.31,-127.92,0,0.00,0.00,962.26,10.17,0
W-0034,2026-04-13,350.90,1388.23,1362.60,-1037.33,1,28.61,1.99,1313.16,6.75,0
W-0034,2026-04-20,523.06,568.66,366.65,-45.60,0,0.00,0.00,1836.22,35.06,0
W-0034,2026-04-27,419.45,363.35,309.17,56.10,0,0.00,0.00,2255.67,51.07,0
W-0034,2026-05-04,552.35,416.94,159.30,135.41,0,0.00,0.00,2808.02,123.39,0
W-0034,2026-05-11,235.61,958.00,958.00,-722.39,1,76.36,3.82,3043.63,22.24,0
W-0034,2026-05-18,826.16,187.00,187.00,639.16,1,73.83,5.17,3869.79,144.86,0
W-0034,2026-05-25,583.21,14.99,0.00,568.22,0,0.00,0.00,4453.00,,0
W-0034,2026-06-01,546.56,5.00,5.00,541.56,2,110.70,3.98,4999.56,6999.38,0
W-0034,2026-06-08,328.21,45.00,45.00,283.21,0,0.00,0.00,5327.77,828.76,0
W-0034,2026-06-15,217.76,1090.00,1090.00,-872.24,0,0.00,0.00,5545.53,35.61,0
W-0034,2026-06-22,425.54,26.30,5.00,399.24,0,0.00,0.00,5971.07,8359.5,0
W-0035,2026-03-30,0.00,19.99,5.00,-19.99,0,0.00,0.00,26.90,37.66,0
W-0035,2026-04-06,570.84,71.00,71.00,499.84,0,0.00,0.00,-13.08,-1.29,1
W-0035,2026-04-13,501.97,1582.00,1582.00,-1080.03,1,90.88,0.00,1100.23,4.87,0
W-0035,2026-04-20,391.11,12.99,0.00,378.12,0,0.00,0.00,1491.34,,0
W-0035,2026-04-27,508.65,5.00,5.00,503.65,0,0.00,0.00,1999.99,2799.99,0
W-0035,2026-05-04,500.34,14.99,0.00,485.35,0,0.00,0.00,2500.33,,0
W-0035,2026-05-11,294.77,1606.00,1606.00,-1311.23,0,0.00,0.00,2795.10,12.18,0
W-0035,2026-05-18,247.61,66.25,47.00,181.36,1,69.09,4.84,3042.71,453.17,0
W-0035,2026-05-25,258.36,22.06,0.00,236.30,0,0.00,0.00,-77.38,,1
W-0035,2026-06-01,382.12,14.99,0.00,367.13,0,0.00,0.00,3683.19,,0
W-0035,2026-06-08,176.51,66.00,66.00,110.51,0,0.00,0.00,3859.70,409.36,0
W-0035,2026-06-15,490.78,1613.38,1582.00,-1122.60,1,32.45,1.99,4350.48,19.25,0
W-0035,2026-06-22,541.25,10.00,10.00,531.25,0,0.00,0.00,4891.73,3424.21,0
W-0035,2026-06-29,94.16,0.00,0.00,94.16,1,72.10,5.05,4985.89,,0
W-0036,2026-03-30,339.85,1988.90,1988.90,-1649.05,0,0.00,0.00,4892.99,17.22,0
W-0036,2026-04-06,870.89,315.69,223.30,555.20,0,0.00,0.00,1654.02,51.85,0
W-0036,2026-04-13,570.25,449.97,383.19,120.28,1,63.34,3.17,4288.09,78.33,0
W-0036,2026-04-20,815.45,89.14,15.59,726.31,1,47.73,1.99,4130.19,1854.48,0
W-0036,2026-04-27,1001.26,2459.51,2232.02,-1458.25,1,70.16,4.91,3577.63,11.22,0
W-0036,2026-05-04,610.72,450.13,374.11,160.59,0,0.00,0.00,3055.55,57.17,0
W-0036,2026-05-11,669.53,309.40,235.50,360.13,0,0.00,0.00,2838.15,84.36,0
W-0036,2026-05-18,291.67,432.18,217.67,-140.51,1,87.38,6.12,2405.97,77.37,0
W-0036,2026-05-25,984.41,448.89,212.18,535.52,1,75.92,2.28,1957.08,64.57,0
W-0036,2026-06-01,1127.68,2257.12,2063.70,-1129.44,0,0.00,0.00,1534.96,5.21,0
W-0036,2026-06-08,759.74,716.33,412.95,43.41,1,80.48,4.02,818.63,13.88,0
W-0036,2026-06-15,1252.81,473.80,343.22,779.01,1,105.53,5.28,459.39,9.37,0
W-0036,2026-06-22,1064.35,415.69,324.22,648.66,0,0.00,0.00,10591.55,228.67,0
W-0036,2026-06-29,236.34,22.49,22.49,213.85,0,0.00,0.00,10703.21,3331.37,0
W-0037,2026-03-30,438.41,1728.74,1718.75,-1290.33,2,178.23,10.91,2273.32,9.26,0
W-0037,2026-04-06,729.56,749.71,549.57,-20.15,0,0.00,0.00,1205.13,15.35,0
W-0037,2026-04-13,485.35,744.01,338.63,-258.66,0,0.00,0.00,789.36,16.32,0
W-0037,2026-04-20,239.04,471.69,444.83,-232.65,0,0.00,0.00,348.63,5.49,0
W-0037,2026-04-27,524.16,1588.72,1428.93,-1064.56,0,0.00,0.00,173.91,0.85,0
W-0037,2026-05-04,350.97,186.32,139.27,164.65,0,0.00,0.00,2708.06,136.11,0
W-0037,2026-05-11,651.48,0.00,0.00,651.48,0,0.00,0.00,3744.95,,0
W-0037,2026-05-18,598.95,71.00,71.00,527.95,0,0.00,0.00,4055.08,399.8,0
W-0037,2026-05-25,354.40,0.00,0.00,354.40,1,92.40,0.00,4409.48,,0
W-0037,2026-06-01,262.74,1506.59,1414.00,-1243.85,0,0.00,0.00,2547.79,12.61,0
W-0037,2026-06-08,630.90,10.00,10.00,620.90,0,0.00,0.00,5155.69,3608.98,0
W-0037,2026-06-15,651.64,71.00,71.00,580.64,1,54.80,2.74,2577.76,254.15,0
W-0037,2026-06-22,707.15,0.00,0.00,707.15,2,145.03,4.88,6522.04,,0
W-0037,2026-06-29,370.85,0.00,0.00,370.85,0,0.00,0.00,7032.76,,0
W-0038,2026-03-30,244.74,2074.35,2074.35,-1829.61,0,0.00,0.00,1199.62,4.05,0
W-0038,2026-04-06,424.06,239.06,195.05,185.00,0,0.00,0.00,960.56,34.47,0
W-0038,2026-04-13,581.51,110.12,50.24,471.39,0,0.00,0.00,1599.66,222.88,0
W-0038,2026-04-20,404.63,386.47,327.71,18.16,0,0.00,0.00,2004.29,42.81,0
W-0038,2026-04-27,489.92,2305.84,2125.02,-1815.92,0,0.00,0.00,79.13,0.26,0
W-0038,2026-05-04,488.73,98.35,64.24,390.38,0,0.00,0.00,2982.94,325.04,0
W-0038,2026-05-11,582.89,5.00,5.00,577.89,0,0.00,0.00,3565.83,4992.16,0
W-0038,2026-05-18,735.63,74.00,74.00,661.63,0,0.00,0.00,4301.46,406.89,0
W-0038,2026-05-25,420.29,69.00,69.00,351.29,0,0.00,0.00,4721.75,479.02,0
W-0038,2026-06-01,447.61,1783.00,1783.00,-1335.39,0,0.00,0.00,5169.36,20.29,0
W-0038,2026-06-08,578.80,54.21,0.00,524.59,0,0.00,0.00,5748.16,,0
W-0038,2026-06-15,559.35,74.00,74.00,485.35,1,49.96,0.00,6307.51,596.66,0
W-0038,2026-06-22,752.97,64.00,64.00,688.97,0,0.00,0.00,7060.48,772.24,0
W-0038,2026-06-29,193.49,5.00,5.00,188.49,0,0.00,0.00,7253.97,10155.56,0
W-0039,2026-03-30,171.98,374.33,273.70,-202.35,0,0.00,0.00,1141.33,29.19,0
W-0039,2026-04-06,495.94,487.19,342.88,8.75,2,116.95,6.48,1215.52,24.82,0
W-0039,2026-04-13,622.20,2196.99,2135.02,-1574.79,0,0.00,0.00,141.15,0.46,0
W-0039,2026-04-20,534.45,216.01,66.00,318.44,1,73.10,0.00,2067.87,219.32,0
W-0039,2026-04-27,511.08,206.00,206.00,305.08,0,0.00,0.00,2206.79,74.99,0
W-0039,2026-05-04,817.58,0.00,0.00,817.58,0,0.00,0.00,3540.58,,0
W-0039,2026-05-11,498.62,1684.00,1684.00,-1185.38,0,0.00,0.00,3670.17,15.26,0
W-0039,2026-05-18,517.38,136.00,10.00,381.38,0,0.00,0.00,-154.86,-108.4,1
W-0039,2026-05-25,381.67,262.00,262.00,119.67,0,0.00,0.00,4706.74,125.75,0
W-0039,2026-06-01,765.28,16.19,5.00,749.09,1,78.03,2.34,5393.29,7550.61,0
W-0039,2026-06-08,189.38,9.17,0.00,180.21,0,0.00,0.00,5661.40,,0
W-0039,2026-06-15,572.22,1684.00,1684.00,-1111.78,0,0.00,0.00,6233.62,25.91,0
W-0039,2026-06-22,630.43,262.00,262.00,368.43,1,44.50,1.99,1515.66,40.49,0
W-0039,2026-06-29,489.61,0.00,0.00,489.61,0,0.00,0.00,7353.66,,0
W-0040,2026-03-30,503.36,1149.44,1122.05,-646.08,0,0.00,0.00,750.82,4.68,0
W-0040,2026-04-06,1053.89,524.30,479.09,529.59,0,0.00,0.00,1804.71,26.37,0
W-0040,2026-04-13,1042.44,345.06,316.51,697.38,0,0.00,0.00,2847.15,62.97,0
W-0040,2026-04-20,388.20,454.55,353.77,-66.35,0,0.00,0.00,6388.60,126.41,0
W-0040,2026-04-27,1257.81,1232.74,1036.79,25.07,0,0.00,0.00,4493.16,30.34,0
W-0040,2026-05-04,1192.35,694.26,525.72,498.09,0,0.00,0.00,5685.51,75.7,0
W-0040,2026-05-11,282.43,480.62,450.66,-198.19,0,0.00,0.00,5034.98,78.21,0
W-0040,2026-05-18,1012.80,878.45,734.24,134.35,0,0.00,0.00,6980.74,66.55,0
W-0040,2026-05-25,940.72,229.28,145.11,711.44,0,0.00,0.00,7921.46,382.13,0
W-0040,2026-06-01,589.27,1428.33,1341.52,-839.06,0,0.00,0.00,8510.73,44.41,0
W-0040,2026-06-08,1008.99,188.57,30.26,820.42,0,0.00,0.00,9519.72,2202.18,0
W-0040,2026-06-15,625.56,685.07,571.17,-59.51,0,0.00,0.00,3139.86,38.48,0
W-0040,2026-06-22,1290.67,239.40,222.00,1051.27,0,0.00,0.00,2905.88,91.63,0
W-0040,2026-06-29,0.00,149.04,61.56,-149.04,0,0.00,0.00,2756.84,313.48,0
W-0041,2026-03-30,442.01,1404.92,1236.63,-962.91,1,28.94,1.99,6500.72,36.8,0
W-0041,2026-04-06,633.86,759.64,529.13,-125.78,1,41.28,2.89,5776.78,76.42,0
W-0041,2026-04-13,749.14,521.14,362.76,228.00,1,83.50,5.85,5408.97,104.37,0
W-0041,2026-04-20,766.41,471.74,322.05,294.67,0,0.00,0.00,4863.19,105.71,0
W-0041,2026-04-27,637.85,1866.54,1689.13,-1228.69,0,0.00,0.00,4291.95,17.79,0
W-0041,2026-05-04,1011.45,415.33,118.73,596.12,0,0.00,0.00,3846.32,226.77,0
W-0041,2026-05-11,641.09,730.71,565.15,-89.62,1,64.85,1.99,3230.60,40.01,0
W-0041,2026-05-18,849.00,215.54,117.45,633.46,0,0.00,0.00,3015.06,179.7,0
W-0041,2026-05-25,852.44,636.74,538.00,215.70,1,50.21,0.00,2525.32,32.86,0
W-0041,2026-06-01,1564.65,1643.15,1505.77,-78.50,1,120.25,1.99,2000.17,9.3,0
W-0041,2026-06-08,590.60,534.77,430.42,55.83,0,0.00,0.00,8930.91,145.25,0
W-0041,2026-06-15,1146.86,621.81,588.34,525.05,0,0.00,0.00,958.58,11.41,0
W-0041,2026-06-22,713.58,431.10,360.51,282.48,1,64.30,4.50,749.74,14.56,0
W-0041,2026-06-29,136.26,492.68,353.64,-356.42,0,0.00,0.00,181.80,3.6,0
W-0042,2026-03-30,447.09,450.02,341.82,-2.93,0,0.00,0.00,7442.66,152.42,0
W-0042,2026-04-06,794.16,513.94,350.80,280.22,0,0.00,0.00,6928.72,138.26,0
W-0042,2026-04-13,781.31,1958.76,1802.21,-1177.45,0,0.00,0.00,6425.96,24.96,0
W-0042,2026-04-20,1103.82,799.10,631.31,304.72,0,0.00,0.00,5626.86,62.39,0
W-0042,2026-04-27,1129.79,381.21,296.52,748.58,0,0.00,0.00,5245.65,123.83,0
W-0042,2026-05-04,412.40,337.60,295.93,74.80,0,0.00,0.00,4908.05,116.1,0
W-0042,2026-05-11,442.94,1598.48,1417.23,-1155.54,0,0.00,0.00,5436.40,26.85,0
W-0042,2026-05-18,549.92,672.36,523.65,-122.44,0,0.00,0.00,4093.21,54.72,0
W-0042,2026-05-25,752.19,272.80,127.02,479.39,0,0.00,0.00,3820.41,210.54,0
W-0042,2026-06-01,1221.90,228.26,123.76,993.64,0,0.00,0.00,8266.98,467.59,0
W-0042,2026-06-08,1211.75,653.81,467.44,557.94,0,0.00,0.00,2938.34,44.0,0
W-0042,2026-06-15,1223.08,2539.43,2364.63,-1316.35,0,0.00,0.00,1883.08,5.57,0
W-0042,2026-06-22,1016.86,438.63,347.97,578.23,0,0.00,0.00,11688.15,235.13,0
W-0042,2026-06-29,848.58,202.79,90.11,645.79,0,0.00,0.00,12260.68,952.44,0
W-0043,2026-03-30,101.46,1084.00,1053.58,-982.54,0,0.00,0.00,7489.97,49.76,0
W-0043,2026-04-06,650.86,379.80,139.49,271.06,0,0.00,0.00,7110.17,356.81,0
W-0043,2026-04-13,1007.14,494.02,409.96,513.12,0,0.00,0.00,6885.15,117.56,0
W-0043,2026-04-20,523.14,508.17,318.27,14.97,0,0.00,0.00,6577.97,144.68,0
W-0043,2026-04-27,808.09,1302.97,1302.97,-494.88,0,0.00,0.00,6316.00,33.93,0
W-0043,2026-05-04,1456.01,400.07,338.41,1055.94,0,0.00,0.00,5933.82,122.74,0
W-0043,2026-05-11,682.19,678.69,678.69,3.50,0,0.00,0.00,5506.24,56.79,0
W-0043,2026-05-18,654.47,521.99,296.56,132.48,0,0.00,0.00,4994.24,117.88,0
W-0043,2026-05-25,1173.81,558.98,454.25,614.83,0,0.00,0.00,4626.26,71.29,0
W-0043,2026-06-01,1297.55,1815.27,1614.43,-517.72,0,0.00,0.00,3870.92,16.78,0
W-0043,2026-06-08,824.31,442.75,276.38,381.56,0,0.00,0.00,3409.24,86.35,0
W-0043,2026-06-15,695.87,780.10,570.22,-84.23,0,0.00,0.00,2915.90,35.8,0
W-0043,2026-06-22,1483.23,526.88,479.14,956.35,0,0.00,0.00,2572.25,37.58,0
W-0043,2026-06-29,514.73,89.91,89.91,424.82,0,0.00,0.00,11824.29,920.59,0
W-0044,2026-03-30,505.64,1318.98,1147.27,-813.34,0,0.00,0.00,4721.76,28.81,0
W-0044,2026-04-06,994.76,1022.05,638.76,-27.29,0,0.00,0.00,3772.55,41.34,0
W-0044,2026-04-13,704.04,860.95,713.53,-156.91,1,81.20,0.00,3417.75,33.53,0
W-0044,2026-04-20,740.18,120.88,98.75,619.30,0,0.00,0.00,3296.87,233.7,0
W-0044,2026-04-27,1118.03,1004.66,749.49,113.37,0,0.00,0.00,4101.80,38.31,0
W-0044,2026-05-04,387.54,721.34,610.90,-333.80,0,0.00,0.00,2437.87,27.93,0
W-0044,2026-05-11,743.12,1033.09,771.48,-289.97,0,0.00,0.00,2055.12,18.65,0
W-0044,2026-05-18,629.61,446.12,291.83,183.49,0,0.00,0.00,1537.65,36.88,0
W-0044,2026-05-25,416.94,485.07,225.07,-68.13,0,0.00,0.00,1052.58,32.74,0
W-0044,2026-06-01,651.11,1333.48,1220.45,-682.37,0,0.00,0.00,6962.91,39.94,0
W-0044,2026-06-08,1060.93,412.03,253.32,648.90,0,0.00,0.00,184.06,5.09,0
W-0044,2026-06-15,264.13,801.07,786.32,-536.94,0,0.00,0.00,8423.90,74.99,0
W-0044,2026-06-22,911.56,0.00,0.00,911.56,0,0.00,0.00,9136.26,,0
W-0044,2026-06-29,176.25,0.00,0.00,176.25,0,0.00,0.00,9511.71,,0
W-0045,2026-03-30,288.80,870.76,778.42,-581.96,0,0.00,0.00,3794.79,34.12,0
W-0045,2026-04-06,842.57,1010.24,906.82,-167.67,0,0.00,0.00,3313.47,25.58,0
W-0045,2026-04-13,849.97,449.79,423.14,400.18,0,0.00,0.00,2424.01,40.1,0
W-0045,2026-04-20,464.13,134.83,92.77,329.30,0,0.00,0.00,2711.50,204.6,0
W-0045,2026-04-27,481.81,1039.90,939.67,-558.09,0,0.00,0.00,3369.95,25.1,0
W-0045,2026-05-04,415.39,841.14,776.29,-425.75,0,0.00,0.00,3618.74,32.63,0
W-0045,2026-05-11,732.94,575.74,491.04,157.20,0,0.00,0.00,1380.72,19.68,0
W-0045,2026-05-18,587.37,494.70,352.01,92.67,0,0.00,0.00,967.20,19.23,0
W-0045,2026-05-25,572.30,685.00,457.67,-112.70,0,0.00,0.00,254.02,3.89,0
W-0045,2026-06-01,429.58,1409.02,1250.52,-979.44,0,0.00,0.00,3998.12,22.38,0
W-0045,2026-06-08,382.15,64.00,10.00,318.15,0,0.00,0.00,6293.96,4405.77,0
W-0045,2026-06-15,406.14,90.30,53.00,315.84,0,0.00,0.00,6895.82,910.77,0
W-0045,2026-06-22,406.13,0.00,0.00,406.13,0,0.00,0.00,7114.81,,0
W-0045,2026-06-29,233.17,0.00,0.00,233.17,0,0.00,0.00,7535.12,,0
W-0046,2026-03-30,0.00,424.04,292.13,-424.04,1,120.27,8.42,5460.06,130.83,0
W-0046,2026-04-06,1447.00,1127.68,1044.73,319.32,0,0.00,0.00,1896.09,12.7,0
W-0046,2026-04-13,589.05,2241.24,2157.81,-1652.19,1,48.60,1.99,1915.10,6.21,0
W-0046,2026-04-20,471.74,391.85,189.21,79.89,0,0.00,0.00,1625.00,60.12,0
W-0046,2026-04-27,535.02,261.75,197.05,273.27,1,83.72,4.19,1261.50,44.81,0
W-0046,2026-05-04,826.71,1182.22,1071.48,-355.51,1,100.16,7.01,1029.28,6.72,0
W-0046,2026-05-11,654.90,2667.15,2548.38,-2012.25,0,0.00,0.00,365.13,1.0,0
W-0046,2026-05-18,1151.18,401.44,213.47,749.74,0,0.00,0.00,6124.69,200.84,0
W-0046,2026-05-25,903.49,10.00,10.00,893.49,2,238.82,12.34,-46.31,-32.42,1
W-0046,2026-06-01,983.91,960.00,960.00,23.91,0,0.00,0.00,8012.09,58.42,0
W-0046,2026-06-08,1182.59,0.00,0.00,1182.59,1,57.39,2.87,8557.09,,0
W-0046,2026-06-15,1074.74,2003.00,2003.00,-928.26,1,72.46,3.62,10475.54,36.61,0
W-0046,2026-06-22,966.69,5.00,5.00,961.69,0,0.00,0.00,11236.11,15730.55,0
W-0046,2026-06-29,377.95,0.00,0.00,377.95,0,0.00,0.00,11614.06,,0
W-0047,2026-03-30,465.77,478.71,306.06,-12.94,0,0.00,0.00,4993.94,114.22,0
W-0047,2026-04-06,793.83,291.19,201.99,502.64,0,0.00,0.00,4752.75,164.71,0
W-0047,2026-04-13,740.52,1855.81,1654.50,-1115.29,1,88.05,0.00,4113.94,17.41,0
W-0047,2026-04-20,649.87,281.81,211.27,368.06,0,0.00,0.00,3832.13,126.97,0
W-0047,2026-04-27,1021.73,602.15,317.88,419.58,0,0.00,0.00,4289.10,94.45,0
W-0047,2026-05-04,848.27,345.72,287.64,502.55,0,0.00,0.00,3097.25,75.37,0
W-0047,2026-05-11,362.28,1891.49,1758.08,-1529.21,1,60.42,1.99,2422.76,9.65,0
W-0047,2026-05-18,1054.47,313.92,177.69,740.55,0,0.00,0.00,2108.84,83.08,0
W-0047,2026-05-25,642.30,582.39,506.35,59.91,1,84.38,4.22,6867.79,94.94,0
W-0047,2026-06-01,472.50,590.39,451.13,-117.89,0,0.00,0.00,1099.05,17.05,0
W-0047,2026-06-08,768.87,562.02,471.74,206.85,0,0.00,0.00,743.97,11.04,0
W-0047,2026-06-15,294.27,1277.05,1139.90,-982.78,0,0.00,0.00,526.98,3.24,0
W-0047,2026-06-22,789.29,422.25,355.60,367.04,2,136.64,5.28,247.73,4.88,0
W-0047,2026-06-29,549.91,33.31,0.00,516.60,0,0.00,0.00,9605.51,,0
W-0048,2026-03-30,175.02,335.83,279.92,-160.81,0,0.00,0.00,6490.72,162.31,0
W-0048,2026-04-06,784.52,831.58,511.01,-47.06,0,0.00,0.00,5826.14,79.81,0
W-0048,2026-04-13,441.72,2831.65,2585.04,-2389.93,0,0.00,0.00,4993.49,13.52,0
W-0048,2026-04-20,1421.12,271.12,239.24,1150.00,0,0.00,0.00,3210.60,93.94,0
W-0048,2026-04-27,1032.56,836.97,731.96,195.59,0,0.00,0.00,4014.40,38.39,0
W-0048,2026-05-04,1001.70,496.54,388.15,505.16,0,0.00,0.00,3856.06,69.54,0
W-0048,2026-05-11,1030.64,2306.74,2251.51,-1276.10,0,0.00,0.00,3377.12,10.5,0
W-0048,2026-05-18,1298.15,319.55,170.17,978.60,0,0.00,0.00,7573.65,311.54,0
W-0048,2026-05-25,527.82,509.68,351.76,18.14,0,0.00,0.00,2676.89,53.27,0
W-0048,2026-06-01,1570.04,157.33,145.33,1412.71,0,0.00,0.00,9145.52,440.51,0
W-0048,2026-06-08,1303.12,590.41,541.35,712.71,0,0.00,0.00,2240.19,28.97,0
W-0048,2026-06-15,672.57,2290.11,2115.71,-1617.54,1,55.30,3.87,1805.04,5.97,0
W-0048,2026-06-22,1467.68,656.33,441.04,811.35,0,0.00,0.00,1277.71,20.28,0
W-0048,2026-06-29,596.67,154.48,146.41,442.19,0,0.00,0.00,13215.90,631.86,0
W-0049,2026-03-30,436.00,1286.86,1017.41,-850.86,0,0.00,0.00,8074.15,55.55,0
W-0049,2026-04-06,692.39,189.95,141.34,502.44,0,0.00,0.00,7884.20,390.47,0
W-0049,2026-04-13,980.94,286.44,61.42,694.50,0,0.00,0.00,2059.86,234.76,0
W-0049,2026-04-20,816.21,516.43,418.71,299.78,0,0.00,0.00,7211.33,120.56,0
W-0049,2026-04-27,843.53,1477.54,1344.59,-634.01,0,0.00,0.00,6557.79,34.14,0
W-0049,2026-05-04,956.59,1132.20,967.31,-175.61,0,0.00,0.00,5478.19,39.64,0
W-0049,2026-05-11,809.13,547.28,488.93,261.85,0,0.00,0.00,5472.25,78.35,0
W-0049,2026-05-18,704.67,347.20,195.54,357.47,0,0.00,0.00,4531.11,162.21,0
W-0049,2026-05-25,942.78,615.75,561.73,327.03,0,0.00,0.00,7326.20,91.3,0
W-0049,2026-06-01,986.72,1175.31,1142.59,-188.59,0,0.00,0.00,8263.16,50.62,0
W-0049,2026-06-08,655.14,797.97,635.39,-142.83,0,0.00,0.00,2922.97,32.2,0
W-0049,2026-06-15,1037.28,548.24,432.12,489.04,0,0.00,0.00,10176.25,164.85,0
W-0049,2026-06-22,574.42,516.74,448.16,57.68,0,0.00,0.00,1961.10,30.63,0
W-0049,2026-06-29,648.34,158.20,134.59,490.14,0,0.00,0.00,11399.01,592.86,0
W-0050,2026-03-30,214.67,1752.37,1737.38,-1537.70,1,54.29,0.00,2059.76,8.3,0
W-0050,2026-04-06,794.96,647.14,406.40,147.82,0,0.00,0.00,1502.62,25.88,0
W-0050,2026-04-13,639.27,968.00,809.65,-328.73,0,0.00,0.00,1051.62,9.09,0
W-0050,2026-04-20,656.59,382.53,219.78,274.06,1,95.00,6.65,786.09,25.04,0
W-0050,2026-04-27,635.24,1771.03,1661.19,-1135.79,0,0.00,0.00,2967.73,12.51,0
W-0050,2026-05-04,475.11,541.58,286.32,-66.47,0,0.00,0.00,199.26,4.87,0
W-0050,2026-05-11,929.68,705.97,633.72,223.71,0,0.00,0.00,4372.52,48.3,0
W-0050,2026-05-18,560.60,124.11,5.00,436.49,0,0.00,0.00,-173.61,-243.05,1
W-0050,2026-05-25,1359.27,117.00,117.00,1242.27,0,0.00,0.00,6292.39,376.47,0
W-0050,2026-06-01,505.81,1665.99,1651.00,-1160.18,0,0.00,0.00,4183.11,17.74,0
W-0050,2026-06-08,607.60,31.83,0.00,575.77,0,0.00,0.00,7256.83,,0
W-0050,2026-06-15,858.19,551.15,517.00,307.04,0,0.00,0.00,7885.78,106.77,0
W-0050,2026-06-22,599.91,117.00,117.00,482.91,0,0.00,0.00,8863.90,530.32,0
W-0050,2026-06-29,272.21,0.00,0.00,272.21,0,0.00,0.00,9136.11,,0
W-0051,2026-03-30,202.79,91.22,49.06,111.57,0,0.00,0.00,304.59,43.46,0
W-0051,2026-04-06,356.94,1330.82,1248.07,-973.88,0,0.00,0.00,1127.93,6.33,0
W-0051,2026-04-13,371.45,1149.82,1128.88,-778.37,1,101.51,0.00,678.98,4.21,0
W-0051,2026-04-20,654.92,537.36,463.15,117.56,0,0.00,0.00,1687.90,25.51,0
W-0051,2026-04-27,485.74,162.35,121.08,323.39,0,0.00,0.00,2173.64,125.66,0
W-0051,2026-05-04,414.05,754.80,648.68,-340.75,0,0.00,0.00,4004.97,43.22,0
W-0051,2026-05-11,539.75,691.00,691.00,-151.25,1,72.04,2.16,3127.44,31.68,0
W-0051,2026-05-18,487.47,157.00,157.00,330.47,0,0.00,0.00,3614.91,161.17,0
W-0051,2026-05-25,772.34,0.00,0.00,772.34,0,0.00,0.00,4387.25,,0
W-0051,2026-06-01,199.47,492.00,492.00,-292.53,1,30.76,1.99,1964.97,27.96,0
W-0051,2026-06-08,400.34,98.00,98.00,302.34,0,0.00,0.00,4987.06,356.22,0
W-0051,2026-06-15,459.80,853.00,853.00,-393.20,0,0.00,0.00,5446.86,44.7,0
W-0051,2026-06-22,569.07,24.92,0.00,544.15,0,0.00,0.00,6015.93,,0
W-0051,2026-06-29,248.04,10.00,10.00,238.04,0,0.00,0.00,6263.97,4384.78,0
W-0052,2026-03-30,425.08,1391.67,1368.02,-966.59,0,0.00,0.00,1631.60,8.35,0
W-0052,2026-04-06,294.45,1256.99,1127.05,-962.54,0,0.00,0.00,826.13,5.13,0
W-0052,2026-04-13,515.80,462.05,244.83,53.75,0,0.00,0.00,1448.46,41.41,0
W-0052,2026-04-20,501.06,430.26,287.61,70.80,0,0.00,0.00,297.29,7.24,0
W-0052,2026-04-27,479.65,1642.81,1527.62,-1163.16,0,0.00,0.00,2514.37,11.52,0
W-0052,2026-05-04,305.83,708.00,708.00,-402.17,1,31.22,1.99,2820.20,27.88,0
W-0052,2026-05-11,584.35,111.99,102.00,472.36,1,104.93,0.00,1805.26,123.89,0
W-0052,2026-05-18,940.90,5.00,5.00,935.90,1,110.82,1.99,4127.62,5778.67,0
W-0052,2026-05-25,451.07,97.00,97.00,354.07,1,94.23,1.99,4646.67,335.33,0
W-0052,2026-06-01,918.27,1811.49,1794.00,-893.22,0,0.00,0.00,2504.24,9.77,0
W-0052,2026-06-08,845.91,142.00,142.00,703.91,0,0.00,0.00,6560.70,323.41,0
W-0052,2026-06-15,389.88,19.99,10.00,369.89,3,141.20,3.98,-155.01,-108.51,1
W-0052,2026-06-22,922.13,97.00,97.00,825.13,0,0.00,0.00,7872.71,568.13,0
W-0052,2026-06-29,148.53,0.00,0.00,148.53,0,0.00,0.00,8021.24,,0
W-0053,2026-03-30,265.70,1330.94,1172.56,-1065.24,0,0.00,0.00,10832.75,64.67,0
W-0053,2026-04-06,521.83,692.94,544.92,-171.11,0,0.00,0.00,10328.81,132.68,0
W-0053,2026-04-13,346.92,624.99,312.24,-278.07,0,0.00,0.00,9703.82,217.55,0
W-0053,2026-04-20,660.67,448.53,243.09,212.14,0,0.00,0.00,1796.19,51.72,0
W-0053,2026-04-27,1016.65,1142.27,1100.64,-125.62,0,0.00,0.00,9058.35,57.61,0
W-0053,2026-05-04,1100.70,597.95,371.54,502.75,0,0.00,0.00,8500.07,160.15,0
W-0053,2026-05-11,1377.50,467.30,319.17,910.20,0,0.00,0.00,5521.84,121.1,0
W-0053,2026-05-18,1126.28,665.95,581.17,460.33,0,0.00,0.00,7460.21,89.86,0
W-0053,2026-05-25,1530.94,590.41,427.26,940.53,0,0.00,0.00,6895.74,112.98,0
W-0053,2026-06-01,1801.40,1642.48,1428.46,158.92,1,138.67,1.99,9980.46,48.91,0
W-0053,2026-06-08,1190.37,634.26,571.80,556.11,0,0.00,0.00,5664.67,69.35,0
W-0053,2026-06-15,1148.19,919.02,645.90,229.17,0,0.00,0.00,12601.23,136.57,0
W-0053,2026-06-22,1565.02,475.00,155.17,1090.02,0,0.00,0.00,4283.72,193.25,0
W-0053,2026-06-29,618.65,74.00,74.00,544.65,0,0.00,0.00,14275.83,1350.42,0
W-0054,2026-03-30,429.01,2269.95,2112.00,-1840.94,0,0.00,0.00,3571.98,11.84,0
W-0054,2026-04-06,681.66,319.92,172.01,361.74,0,0.00,0.00,3252.06,132.34,0
W-0054,2026-04-13,842.91,650.74,432.81,192.17,0,0.00,0.00,2736.53,44.26,0
W-0054,2026-04-20,795.58,639.74,583.73,155.84,0,0.00,0.00,2080.28,24.95,0
W-0054,2026-04-27,973.03,2869.44,2628.51,-1896.41,0,0.00,0.00,1257.14,3.35,0
W-0054,2026-05-04,875.77,227.61,74.84,648.16,0,0.00,0.00,4851.92,453.81,0
W-0054,2026-05-11,762.44,553.55,346.41,208.89,0,0.00,0.00,475.98,9.62,0
W-0054,2026-05-18,763.68,407.53,296.61,356.15,0,0.00,0.00,179.07,4.23,0
W-0054,2026-05-25,927.72,124.36,92.31,803.36,0,0.00,0.00,6989.99,530.06,0
W-0054,2026-06-01,615.28,2112.00,2112.00,-1496.72,0,0.00,0.00,7567.63,25.08,0
W-0054,2026-06-08,331.87,16.36,5.00,315.51,0,0.00,0.00,8252.91,11554.07,0
W-0054,2026-06-15,655.05,53.00,53.00,602.05,0,0.00,0.00,8907.96,1176.52,0
W-0054,2026-06-22,519.68,0.00,0.00,519.68,0,0.00,0.00,9611.51,,0
W-0054,2026-06-29,797.29,23.49,0.00,773.80,0,0.00,0.00,10224.93,,0
W-0055,2026-03-30,450.71,490.32,401.08,-39.61,0,0.00,0.00,613.89,10.71,0
W-0055,2026-04-06,728.49,600.13,300.82,128.36,0,0.00,0.00,5940.62,138.24,0
W-0055,2026-04-13,1170.02,2222.23,2181.23,-1052.21,0,0.00,0.00,5689.39,18.26,0
W-0055,2026-04-20,702.75,441.01,178.27,261.74,0,0.00,0.00,5273.37,207.07,0
W-0055,2026-04-27,1388.23,503.89,363.22,884.34,0,0.00,0.00,4454.57,85.85,0
W-0055,2026-05-04,1158.39,455.71,178.65,702.68,0,0.00,0.00,5625.21,220.41,0
W-0055,2026-05-11,554.78,2467.07,2467.07,-1912.29,0,0.00,0.00,3948.68,11.2,0
W-0055,2026-05-18,753.13,514.11,305.00,239.02,0,0.00,0.00,3445.58,79.08,0
W-0055,2026-05-25,1468.30,551.18,428.85,917.12,0,0.00,0.00,8823.44,144.02,0
W-0055,2026-06-01,658.56,483.02,356.87,175.54,0,0.00,0.00,2582.52,50.66,0
W-0055,2026-06-08,953.56,713.51,668.92,240.05,0,0.00,0.00,1814.87,18.99,0
W-0055,2026-06-15,1692.29,2399.27,2207.63,-706.98,0,0.00,0.00,1411.59,4.48,0
W-0055,2026-06-22,603.58,491.28,251.30,112.30,0,0.00,0.00,920.31,25.64,0
W-0055,2026-06-29,720.46,132.82,0.00,587.64,0,0.00,0.00,13144.49,,0
W-0056,2026-03-30,82.76,310.14,179.00,-227.38,1,32.02,1.99,237.20,9.28,0
W-0056,2026-04-06,467.02,514.81,372.14,-47.79,1,98.02,2.94,5708.89,107.38,0
W-0056,2026-04-13,836.63,1216.29,1138.18,-379.66,0,0.00,0.00,5356.36,32.94,0
W-0056,2026-04-20,593.03,701.23,559.78,-108.20,1,105.11,1.99,2133.88,26.68,0
W-0056,2026-04-27,904.16,366.33,210.10,537.83,0,0.00,0.00,3038.04,101.22,0
W-0056,2026-05-04,573.65,726.60,676.92,-152.95,0,0.00,0.00,3611.69,37.35,0
W-0056,2026-05-11,300.33,1043.64,1010.99,-743.31,0,0.00,0.00,3912.02,27.09,0
W-0056,2026-05-18,616.11,574.61,488.12,41.50,0,0.00,0.00,4528.13,64.94,0
W-0056,2026-05-25,1409.92,483.55,448.88,926.37,0,0.00,0.00,5938.05,92.6,0
W-0056,2026-06-01,1117.85,209.35,89.55,908.50,0,0.00,0.00,7055.90,551.55,0
W-0056,2026-06-08,472.50,591.62,313.79,-119.12,0,0.00,0.00,1941.88,43.32,0
W-0056,2026-06-15,527.41,1518.37,1423.98,-990.96,0,0.00,0.00,1265.31,6.22,0
W-0056,2026-06-22,1122.23,364.81,348.55,757.42,2,100.34,3.98,900.50,18.08,0
W-0056,2026-06-29,343.81,366.52,195.61,-22.71,0,0.00,0.00,622.64,22.28,0
W-0057,2026-03-30,79.52,722.18,683.47,-642.66,0,0.00,0.00,3213.42,32.91,0
W-0057,2026-04-06,721.50,516.60,416.89,204.90,0,0.00,0.00,2721.50,45.7,0
W-0057,2026-04-13,642.96,1816.44,1705.86,-1173.48,0,0.00,0.00,1668.32,6.85,0
W-0057,2026-04-20,428.84,281.22,157.28,147.62,0,0.00,0.00,2399.47,106.79,0
W-0057,2026-04-27,510.95,191.22,149.02,319.73,0,0.00,0.00,2608.11,122.51,0
W-0057,2026-05-04,754.19,529.64,358.85,224.55,0,0.00,0.00,1408.30,27.47,0
W-0057,2026-05-11,677.34,1758.63,1717.78,-1081.29,0,0.00,0.00,4039.64,16.46,0
W-0057,2026-05-18,736.82,474.69,317.26,262.13,0,0.00,0.00,4577.40,101.0,0
W-0057,2026-05-25,777.48,239.73,158.74,537.75,0,0.00,0.00,5553.94,244.91,0
W-0057,2026-06-01,1012.65,520.41,475.57,492.24,0,0.00,0.00,6250.61,92.0,0
W-0057,2026-06-08,960.61,0.00,0.00,960.61,0,0.00,0.00,7527.20,,0
W-0057,2026-06-15,573.80,1481.53,1471.00,-907.73,0,0.00,0.00,8101.00,38.55,0
W-0057,2026-06-22,286.70,5.00,5.00,281.70,0,0.00,0.00,-70.69,-98.97,1
W-0057,2026-06-29,78.90,0.00,0.00,78.90,0,0.00,0.00,8466.60,,0
W-0058,2026-03-30,128.50,421.06,334.12,-292.56,0,0.00,0.00,1655.20,34.68,0
W-0058,2026-04-06,325.42,364.07,270.23,-38.65,0,0.00,0.00,1291.13,33.45,0
W-0058,2026-04-13,296.38,1507.31,1507.31,-1210.93,0,0.00,0.00,890.82,4.14,0
W-0058,2026-04-20,276.10,245.82,187.56,30.28,0,0.00,0.00,645.00,24.07,0
W-0058,2026-04-27,606.44,413.23,278.98,193.21,0,0.00,0.00,272.77,6.84,0
W-0058,2026-05-04,427.30,467.75,330.78,-40.45,0,0.00,0.00,-11.98,-0.25,1
W-0058,2026-05-11,155.35,1107.00,1107.00,-951.65,0,0.00,0.00,2629.75,16.63,0
W-0058,2026-05-18,624.59,0.00,0.00,624.59,0,0.00,0.00,3254.34,,0
W-0058,2026-05-25,286.58,0.00,0.00,286.58,0,0.00,0.00,3540.92,,0
W-0058,2026-06-01,579.12,224.00,224.00,355.12,0,0.00,0.00,4120.04,128.75,0
W-0058,2026-06-08,569.87,0.00,0.00,569.87,0,0.00,0.00,4791.84,,0
W-0058,2026-06-15,606.58,1107.00,1107.00,-500.42,0,0.00,0.00,5296.49,33.49,0
W-0058,2026-06-22,296.96,0.00,0.00,296.96,0,0.00,0.00,5499.41,,0
W-0058,2026-06-29,251.81,0.00,0.00,251.81,0,0.00,0.00,5845.26,,0
W-0059,2026-03-30,573.02,1973.53,1973.53,-1400.51,0,0.00,0.00,4755.02,16.87,0
W-0059,2026-04-06,467.88,160.11,98.85,307.77,0,0.00,0.00,4540.45,321.53,0
W-0059,2026-04-13,1024.38,422.10,300.67,602.28,0,0.00,0.00,2016.42,46.94,0
W-0059,2026-04-20,1020.39,300.64,242.42,719.75,0,0.00,0.00,3232.44,93.34,0
W-0059,2026-04-27,823.91,2678.52,2611.28,-1854.61,0,0.00,0.00,3320.66,8.9,0
W-0059,2026-05-04,812.93,648.39,467.64,164.54,0,0.00,0.00,2535.80,37.96,0
W-0059,2026-05-11,333.14,771.27,477.69,-438.13,0,0.00,0.00,1950.53,28.58,0
W-0059,2026-05-18,1269.50,779.39,442.64,490.11,0,0.00,0.00,1341.58,21.22,0
W-0059,2026-05-25,582.09,502.46,357.59,79.63,0,0.00,0.00,855.68,16.75,0
W-0059,2026-06-01,857.47,2086.60,2024.49,-1229.13,0,0.00,0.00,441.08,1.53,0
W-0059,2026-06-08,1265.82,439.99,364.69,825.83,0,0.00,0.00,9366.83,179.79,0
W-0059,2026-06-15,1009.39,239.95,142.37,769.44,1,102.95,1.99,9730.39,478.42,0
W-0059,2026-06-22,445.06,187.00,187.00,258.06,0,0.00,0.00,4892.09,183.13,0
W-0059,2026-06-29,505.34,0.00,0.00,505.34,0,0.00,0.00,10876.50,,0
W-0060,2026-03-30,323.43,189.63,166.20,133.80,0,0.00,0.00,1648.45,69.43,0
W-0060,2026-04-06,873.49,669.66,602.63,203.83,2,179.94,6.61,1248.39,14.5,0
W-0060,2026-04-13,1031.96,2472.98,2110.71,-1441.02,0,0.00,0.00,1023.81,3.4,0
W-0060,2026-04-20,705.06,250.46,196.58,454.60,1,117.35,1.99,857.35,30.53,0
W-0060,2026-04-27,884.35,289.23,278.71,595.12,0,0.00,0.00,701.83,17.63,0
W-0060,2026-05-04,1017.86,1352.57,1103.20,-334.71,1,131.75,0.00,5041.92,31.99,0
W-0060,2026-05-11,195.90,2023.17,1987.00,-1827.27,1,45.12,1.99,-227.62,-0.8,1
W-0060,2026-05-18,746.83,0.00,0.00,746.83,0,0.00,0.00,5984.65,,0
W-0060,2026-05-25,349.02,84.00,84.00,265.02,0,0.00,0.00,6333.67,527.81,0
W-0060,2026-06-01,888.24,442.00,442.00,446.24,0,0.00,0.00,7221.91,114.37,0
W-0060,2026-06-08,628.65,156.00,156.00,472.65,0,0.00,0.00,7850.56,352.27,0
W-0060,2026-06-15,438.57,1982.00,1982.00,-1543.43,1,63.69,3.18,8289.13,29.28,0
W-0060,2026-06-22,1016.52,84.00,84.00,932.52,0,0.00,0.00,9606.98,800.58,0
W-0060,2026-06-29,462.43,0.00,0.00,462.43,0,0.00,0.00,9768.08,,0
W-0061,2026-03-30,257.67,2508.09,2333.39,-2250.42,0,0.00,0.00,224.58,0.67,0
W-0061,2026-04-06,503.02,244.50,77.02,258.52,0,0.00,0.00,-19.92,-1.81,1
W-0061,2026-04-13,582.81,0.00,0.00,582.81,0,0.00,0.00,1689.06,,0
W-0061,2026-04-20,476.93,104.60,60.00,372.33,0,0.00,0.00,2012.69,234.81,0
W-0061,2026-04-27,303.27,2075.55,2047.00,-1772.28,0,0.00,0.00,2402.95,8.22,0
W-0061,2026-05-04,771.89,0.00,0.00,771.89,0,0.00,0.00,3174.84,,0
W-0061,2026-05-11,542.54,46.60,0.00,495.94,0,0.00,0.00,-139.67,,1
W-0061,2026-05-18,241.52,60.00,60.00,181.52,0,0.00,0.00,3958.90,461.87,0
W-0061,2026-05-25,680.53,0.00,0.00,680.53,0,0.00,0.00,4639.43,,0
W-0061,2026-06-01,694.26,2047.00,2047.00,-1352.74,0,0.00,0.00,5333.69,18.24,0
W-0061,2026-06-08,273.70,5.00,5.00,268.70,0,0.00,0.00,5742.86,8040.0,0
W-0061,2026-06-15,600.95,60.00,60.00,540.95,0,0.00,0.00,685.67,79.99,0
W-0061,2026-06-22,572.10,5.00,5.00,567.10,0,0.00,0.00,-149.67,-209.54,1
W-0061,2026-06-29,226.23,0.00,0.00,226.23,0,0.00,0.00,7006.67,,0
W-0062,2026-03-30,0.00,2006.06,1727.19,-2006.06,0,0.00,0.00,366.26,1.48,0
W-0062,2026-04-06,162.92,377.16,188.84,-214.24,0,0.00,0.00,29.13,1.08,0
W-0062,2026-04-13,586.72,43.66,0.00,543.06,0,0.00,0.00,727.71,,0
W-0062,2026-04-20,742.25,163.00,163.00,579.25,0,0.00,0.00,1980.62,85.06,0
W-0062,2026-04-27,450.56,1634.82,1554.00,-1184.26,0,0.00,0.00,2266.76,10.21,0
W-0062,2026-05-04,430.89,48.00,48.00,382.89,0,0.00,0.00,1347.35,196.49,0
W-0062,2026-05-11,204.12,5.00,5.00,199.12,0,0.00,0.00,-100.35,-140.49,1
W-0062,2026-05-18,456.73,0.00,0.00,456.73,0,0.00,0.00,3246.90,,0
W-0062,2026-05-25,486.45,254.14,168.00,232.31,0,0.00,0.00,-191.49,-7.98,1
W-0062,2026-06-01,423.50,1554.00,1554.00,-1130.50,0,0.00,0.00,4188.28,18.87,0
W-0062,2026-06-08,447.97,53.00,53.00,394.97,0,0.00,0.00,4716.42,622.92,0
W-0062,2026-06-15,658.82,5.00,5.00,653.82,0,0.00,0.00,5267.87,7375.02,0
W-0062,2026-06-22,567.77,163.00,163.00,404.77,0,0.00,0.00,5943.01,255.22,0
W-0062,2026-06-29,162.34,0.00,0.00,162.34,0,0.00,0.00,6105.35,,0
W-0063,2026-03-30,232.94,1727.21,1682.00,-1494.27,1,55.19,2.76,1887.19,7.85,0
W-0063,2026-04-06,791.51,71.00,71.00,720.51,0,0.00,0.00,1514.74,149.34,0
W-0063,2026-04-13,545.29,862.00,862.00,-316.71,1,86.42,0.00,1917.96,15.58,0
W-0063,2026-04-20,820.80,5.00,5.00,815.80,0,0.00,0.00,-847.02,-1185.83,1
W-0063,2026-04-27,276.76,1604.53,1604.53,-1327.77,0,0.00,0.00,2946.56,12.85,0
W-0063,2026-05-04,317.15,153.00,153.00,164.15,0,0.00,0.00,3440.14,157.39,0
W-0063,2026-05-11,755.75,880.38,867.00,-124.63,0,0.00,0.00,-869.93,-7.02,1
W-0063,2026-05-18,248.95,5.00,5.00,243.95,0,0.00,0.00,-874.93,-1224.9,1
W-0063,2026-05-25,317.87,33.66,0.00,284.21,0,0.00,0.00,4748.37,,0
W-0063,2026-06-01,595.40,1753.00,1753.00,-1157.60,1,36.90,2.58,1969.19,7.86,0
W-0063,2026-06-08,300.74,42.39,5.00,258.35,0,0.00,0.00,-950.98,-1331.37,1
W-0063,2026-06-15,597.16,801.00,801.00,-203.84,1,50.51,1.99,-955.98,-8.35,1
W-0063,2026-06-22,418.04,40.85,0.00,377.19,1,58.68,1.99,6722.33,,0
W-0063,2026-06-29,415.61,5.00,5.00,410.61,1,51.42,1.99,6982.19,9775.07,0
W-0064,2026-03-30,324.47,1374.54,1255.01,-1050.07,0,0.00,0.00,743.45,4.15,0
W-0064,2026-04-06,685.44,427.49,261.64,257.95,1,59.94,1.99,3436.99,91.95,0
W-0064,2026-04-13,599.48,851.46,825.89,-251.98,0,0.00,0.00,2028.37,17.19,0
W-0064,2026-04-20,813.30,378.97,343.95,434.33,0,0.00,0.00,2266.56,46.13,0
W-0064,2026-04-27,844.69,1306.20,1190.94,-461.51,0,0.00,0.00,1887.88,11.1,0
W-0064,2026-05-04,660.68,287.30,232.13,373.38,1,45.13,1.99,4347.04,131.09,0
W-0064,2026-05-11,862.50,400.14,311.79,462.36,1,110.68,7.75,5209.54,116.96,0
W-0064,2026-05-18,738.02,585.25,414.51,152.77,1,108.79,0.00,5947.56,100.44,0
W-0064,2026-05-25,496.93,396.53,269.52,100.40,0,0.00,0.00,260.14,6.76,0
W-0064,2026-06-01,78.69,1116.96,1116.96,-1038.27,0,0.00,0.00,80.04,0.5,0
W-0064,2026-06-08,82.97,57.00,57.00,25.97,0,0.00,0.00,6606.15,811.28,0
W-0064,2026-06-15,308.92,60.00,60.00,248.92,0,0.00,0.00,6915.07,806.76,0
W-0064,2026-06-22,321.95,11.19,0.00,310.76,0,0.00,0.00,7237.02,,0
W-0065,2026-03-30,209.55,2158.40,2080.73,-1948.85,0,0.00,0.00,1914.71,6.44,0
W-0065,2026-04-06,831.85,595.89,529.63,235.96,0,0.00,0.00,1374.82,18.17,0
W-0065,2026-04-13,1086.58,1162.70,1086.84,-76.12,0,0.00,0.00,2512.27,16.18,0
W-0065,2026-04-20,747.22,318.76,218.91,428.46,0,0.00,0.00,689.28,22.04,0
W-0065,2026-04-27,521.86,2152.23,2005.04,-1630.37,1,105.37,5.27,0.13,0.0,0
W-0065,2026-05-04,684.79,214.29,61.00,470.50,1,145.36,4.36,-158.16,-18.15,1
W-0065,2026-05-11,1216.12,781.08,724.00,435.04,0,0.00,0.00,5339.48,51.62,0
W-0065,2026-05-18,497.94,0.00,0.00,497.94,0,0.00,0.00,6180.20,,0
W-0065,2026-05-25,591.19,0.00,0.00,591.19,0,0.00,0.00,6771.39,,0
W-0065,2026-06-01,314.80,1545.00,1545.00,-1230.20,0,0.00,0.00,7086.19,32.11,0
W-0065,2026-06-08,714.85,56.00,56.00,658.85,0,0.00,0.00,7661.68,957.71,0
W-0065,2026-06-15,684.69,729.00,729.00,-44.31,2,129.52,3.23,-230.24,-2.21,1
W-0065,2026-06-22,668.69,0.00,0.00,668.69,0,0.00,0.00,9154.42,,0
W-0065,2026-06-29,328.69,0.00,0.00,328.69,0,0.00,0.00,9376.61,,0
W-0066,2026-03-30,379.87,259.18,149.16,120.69,0,0.00,0.00,8602.77,403.72,0
W-0066,2026-04-06,660.34,393.10,341.05,267.24,0,0.00,0.00,8209.67,168.5,0
W-0066,2026-04-13,622.63,1525.95,1052.47,-903.32,0,0.00,0.00,7596.72,50.53,0
W-0066,2026-04-20,704.85,290.61,178.55,414.24,0,0.00,0.00,7394.11,289.88,0
W-0066,2026-04-27,1503.17,578.09,395.40,925.08,0,0.00,0.00,6816.02,120.67,0
W-0066,2026-05-04,1205.74,417.41,186.48,788.33,0,0.00,0.00,6435.42,241.57,0
W-0066,2026-05-11,921.66,1489.80,1425.84,-568.14,0,0.00,0.00,5865.71,28.8,0
W-0066,2026-05-18,1471.87,585.51,473.14,886.36,0,0.00,0.00,5386.55,79.69,0
W-0066,2026-05-25,438.11,421.73,317.12,16.38,0,0.00,0.00,4954.18,109.36,0
W-0066,2026-06-01,597.67,437.44,187.27,160.23,0,0.00,0.00,4465.13,166.9,0
W-0066,2026-06-08,1168.11,300.10,146.14,868.01,0,0.00,0.00,10079.50,482.8,0
W-0066,2026-06-15,843.44,1344.38,1189.26,-500.94,0,0.00,0.00,10756.55,63.31,0
W-0066,2026-06-22,372.54,584.99,438.21,-212.45,0,0.00,0.00,3378.75,53.97,0
W-0066,2026-06-29,569.47,358.19,358.19,211.28,0,0.00,0.00,11864.95,231.87,0
W-0067,2026-03-30,0.00,1080.25,1022.17,-1080.25,0,0.00,0.00,3714.41,25.44,0
W-0067,2026-04-06,1196.40,306.45,255.02,889.95,0,0.00,0.00,3448.96,94.67,0
W-0067,2026-04-13,1100.77,1277.76,1167.17,-176.99,0,0.00,0.00,2723.37,16.33,0
W-0067,2026-04-20,872.50,551.74,408.70,320.76,0,0.00,0.00,2545.88,43.6,0
W-0067,2026-04-27,635.99,1254.68,1144.82,-618.69,0,0.00,0.00,2103.90,12.86,0
W-0067,2026-05-04,540.16,470.64,304.95,69.52,0,0.00,0.00,1612.14,37.01,0
W-0067,2026-05-11,630.78,913.77,892.43,-282.99,0,0.00,0.00,1412.37,11.08,0
W-0067,2026-05-18,948.97,445.27,301.28,503.70,0,0.00,0.00,999.31,23.22,0
W-0067,2026-05-25,555.84,953.64,843.30,-397.80,0,0.00,0.00,171.46,1.42,0
W-0067,2026-06-01,432.00,1064.44,1050.25,-632.44,0,0.00,0.00,7195.98,47.96,0
W-0067,2026-06-08,688.29,41.00,41.00,647.29,0,0.00,0.00,8027.90,1370.62,0
W-0067,2026-06-15,502.97,673.00,673.00,-170.03,0,0.00,0.00,8530.87,88.73,0
W-0067,2026-06-22,182.85,158.00,158.00,24.85,0,0.00,0.00,8900.43,394.32,0
W-0067,2026-06-29,470.94,0.00,0.00,470.94,0,0.00,0.00,9015.51,,0
W-0068,2026-03-30,163.70,2081.60,1992.80,-1917.90,0,0.00,0.00,204.45,0.72,0
W-0068,2026-04-06,942.66,515.64,433.81,427.02,0,0.00,0.00,1770.50,28.57,0
W-0068,2026-04-13,815.75,1338.52,1284.47,-522.77,0,0.00,0.00,1368.98,7.46,0
W-0068,2026-04-20,819.40,590.00,559.44,229.40,0,0.00,0.00,778.98,9.75,0
W-0068,2026-04-27,1236.99,2185.33,2025.27,-948.34,0,0.00,0.00,4019.25,13.89,0
W-0068,2026-05-04,1065.25,837.26,590.17,227.99,0,0.00,0.00,5084.50,60.31,0
W-0068,2026-05-11,520.12,900.00,900.00,-379.88,0,0.00,0.00,3889.74,30.25,0
W-0068,2026-05-18,957.84,42.00,42.00,915.84,0,0.00,0.00,6250.97,1041.83,0
W-0068,2026-05-25,545.04,193.00,193.00,352.04,0,0.00,0.00,7107.50,257.78,0
W-0068,2026-06-01,1436.85,1966.71,1952.00,-529.86,0,0.00,0.00,8544.35,30.64,0
W-0068,2026-06-08,1110.13,0.00,0.00,1110.13,0,0.00,0.00,9654.48,,0
W-0068,2026-06-15,578.20,997.50,937.00,-419.30,0,0.00,0.00,10401.97,77.71,0
W-0068,2026-06-22,1170.97,193.00,193.00,977.97,0,0.00,0.00,2415.74,87.62,0
W-0068,2026-06-29,258.09,5.00,5.00,253.09,0,0.00,0.00,11661.74,16326.44,0
W-0069,2026-03-30,326.09,2365.21,2353.98,-2039.12,0,0.00,0.00,329.46,0.98,0
W-0069,2026-04-06,831.55,852.94,689.65,-21.39,0,0.00,0.00,3115.03,31.62,0
W-0069,2026-04-13,960.58,505.05,320.96,455.53,0,0.00,0.00,2792.98,60.91,0
W-0069,2026-04-20,468.90,390.50,199.32,78.40,0,0.00,0.00,2402.48,84.37,0
W-0069,2026-04-27,605.18,2682.84,2386.92,-2077.66,0,0.00,0.00,1987.64,5.83,0
W-0069,2026-05-04,415.83,444.25,185.97,-28.42,0,0.00,0.00,6727.16,253.21,0
W-0069,2026-05-11,1047.74,434.83,345.43,612.91,1,179.43,5.38,1382.55,28.02,0
W-0069,2026-05-18,1410.38,372.06,122.43,1038.32,1,87.31,6.11,6449.29,368.74,0
W-0069,2026-05-25,1056.50,192.40,81.83,864.10,0,0.00,0.00,818.09,69.98,0
W-0069,2026-06-01,1031.22,2579.52,2475.54,-1548.30,1,76.66,5.37,8089.99,22.88,0
W-0069,2026-06-08,964.04,500.57,450.13,463.47,0,0.00,0.00,8860.74,137.79,0
W-0069,2026-06-15,1108.07,503.70,422.69,604.37,0,0.00,0.00,10621.12,175.89,0
W-0069,2026-06-22,764.51,39.19,5.00,725.32,0,0.00,0.00,-262.90,-368.06,1
W-0069,2026-06-29,421.63,0.00,0.00,421.63,0,0.00,0.00,11600.16,,0
W-0070,2026-03-30,217.01,1499.50,1458.53,-1282.49,0,0.00,0.00,5194.56,24.93,0
W-0070,2026-04-06,488.45,315.91,278.17,172.54,0,0.00,0.00,4987.65,125.51,0
W-0070,2026-04-13,761.75,575.77,344.68,185.98,0,0.00,0.00,4498.59,91.36,0
W-0070,2026-04-20,202.36,500.31,330.75,-297.95,1,73.92,0.00,3934.16,83.26,0
W-0070,2026-04-27,1012.00,1587.64,1310.13,-575.64,0,0.00,0.00,3374.13,18.03,0
W-0070,2026-05-04,442.94,498.12,292.82,-55.18,0,0.00,0.00,3035.23,72.56,0
W-0070,2026-05-11,1251.23,360.72,205.96,890.51,0,0.00,0.00,2638.09,89.66,0
W-0070,2026-05-18,508.25,441.50,323.56,66.75,1,50.70,3.55,5149.75,111.41,0
W-0070,2026-05-25,686.25,519.02,327.54,167.23,0,0.00,0.00,1720.01,36.76,0
W-0070,2026-06-01,870.53,1438.38,1327.29,-567.85,0,0.00,0.00,6752.99,35.61,0
W-0070,2026-06-08,249.77,337.65,310.28,-87.88,0,0.00,0.00,1074.54,24.24,0
W-0070,2026-06-15,1289.45,754.58,696.96,534.87,0,0.00,0.00,362.78,3.64,0
W-0070,2026-06-22,589.76,321.34,193.47,268.42,2,97.43,1.99,8893.55,321.78,0
W-0070,2026-06-29,420.90,0.00,0.00,420.90,0,0.00,0.00,9149.06,,0
W-0071,2026-03-30,452.07,1828.27,1763.22,-1376.20,0,0.00,0.00,6006.63,23.85,0
W-0071,2026-04-06,496.35,612.81,307.95,-116.46,0,0.00,0.00,5442.82,123.72,0
W-0071,2026-04-13,173.22,799.69,656.82,-626.47,0,0.00,0.00,4950.13,52.76,0
W-0071,2026-04-20,639.97,460.24,401.35,179.73,0,0.00,0.00,4551.78,79.39,0
W-0071,2026-04-27,562.98,1462.03,1382.70,-899.05,0,0.00,0.00,2945.41,14.91,0
W-0071,2026-05-04,1202.31,594.50,480.75,607.81,0,0.00,0.00,3772.36,54.93,0
W-0071,2026-05-11,1173.44,792.19,739.84,381.25,0,0.00,0.00,3336.17,31.57,0
W-0071,2026-05-18,1130.73,478.98,359.00,651.75,0,0.00,0.00,6248.92,121.85,0
W-0071,2026-05-25,1252.31,506.72,341.25,745.59,0,0.00,0.00,2350.47,48.21,0
W-0071,2026-06-01,916.78,1793.98,1774.58,-877.20,0,0.00,0.00,1895.49,7.48,0
W-0071,2026-06-08,1223.88,481.94,344.08,741.94,0,0.00,0.00,1498.36,30.48,0
W-0071,2026-06-15,953.48,597.75,449.30,355.73,0,0.00,0.00,1171.80,18.26,0
W-0071,2026-06-22,769.94,491.43,315.06,278.51,0,0.00,0.00,731.71,16.26,0
W-0071,2026-06-29,215.59,5.48,5.48,210.11,0,0.00,0.00,674.89,862.09,0
W-0072,2026-03-30,146.46,1861.16,1833.00,-1714.70,0,0.00,0.00,4479.68,17.11,0
W-0072,2026-04-06,770.84,810.88,684.97,-40.04,0,0.00,0.00,1036.97,10.6,0
W-0072,2026-04-13,935.49,616.28,243.25,319.21,0,0.00,0.00,1972.46,56.76,0
W-0072,2026-04-20,684.58,781.46,577.12,-96.88,0,0.00,0.00,2433.70,29.52,0
W-0072,2026-04-27,542.68,2035.38,1876.00,-1492.70,0,0.00,0.00,2058.32,7.68,0
W-0072,2026-05-04,828.79,709.20,670.04,119.59,0,0.00,0.00,1535.12,16.04,0
W-0072,2026-05-11,1079.25,227.32,208.82,851.93,0,0.00,0.00,5107.76,171.22,0
W-0072,2026-05-18,755.16,536.27,438.50,218.89,0,0.00,0.00,5862.92,93.59,0
W-0072,2026-05-25,795.31,353.59,195.30,441.72,0,0.00,0.00,6658.23,238.65,0
W-0072,2026-06-01,803.15,2014.43,1959.06,-1211.28,0,0.00,0.00,7461.38,26.66,0
W-0072,2026-06-08,927.46,343.08,343.08,584.38,0,0.00,0.00,8388.84,171.16,0
W-0072,2026-06-15,904.56,5.00,5.00,899.56,0,0.00,0.00,-98.57,-138.0,1
W-0072,2026-06-22,730.94,33.10,0.00,697.84,0,0.00,0.00,10024.34,,0
W-0072,2026-06-29,171.14,0.00,0.00,171.14,0,0.00,0.00,10195.48,,0
W-0073,2026-03-30,362.57,1807.19,1779.84,-1444.62,0,0.00,0.00,455.30,1.79,0
W-0073,2026-04-06,969.21,1124.71,1029.09,-155.50,0,0.00,0.00,2561.07,17.42,0
W-0073,2026-04-13,1191.40,592.76,456.66,598.64,0,0.00,0.00,2013.30,30.86,0
W-0073,2026-04-20,816.38,396.82,214.17,419.56,0,0.00,0.00,3584.19,117.15,0
W-0073,2026-04-27,971.28,2001.85,1698.33,-1030.57,0,0.00,0.00,1105.64,4.56,0
W-0073,2026-05-04,917.32,1117.21,1071.61,-199.89,0,0.00,0.00,752.43,4.92,0
W-0073,2026-05-11,476.93,401.92,245.38,75.01,0,0.00,0.00,350.51,10.0,0
W-0073,2026-05-18,520.24,325.71,207.54,194.53,0,0.00,0.00,168.29,5.68,0
W-0073,2026-05-25,826.82,19.58,19.58,807.24,0,0.00,0.00,7200.99,2574.41,0
W-0073,2026-06-01,657.01,2310.00,2310.00,-1652.99,0,0.00,0.00,3192.97,9.68,0
W-0073,2026-06-08,640.07,14.60,0.00,625.47,0,0.00,0.00,8857.15,,0
W-0073,2026-06-15,409.36,5.00,5.00,404.36,0,0.00,0.00,9003.22,12604.51,0
W-0073,2026-06-22,1089.75,5.00,5.00,1084.75,0,0.00,0.00,10092.97,14130.16,0
W-0074,2026-03-30,200.12,1430.52,1301.93,-1230.40,0,0.00,0.00,3936.72,21.17,0
W-0074,2026-04-06,925.29,639.15,523.94,286.14,1,25.72,0.00,3297.57,44.06,0
W-0074,2026-04-13,759.60,1034.66,914.62,-275.06,0,0.00,0.00,2631.91,20.14,0
W-0074,2026-04-20,603.59,236.04,206.91,367.55,0,0.00,0.00,2395.87,81.05,0
W-0074,2026-04-27,663.12,1529.20,1403.23,-866.08,1,72.00,1.99,3291.45,16.42,0
W-0074,2026-05-04,790.33,481.27,335.01,309.06,0,0.00,0.00,1448.39,30.26,0
W-0074,2026-05-11,739.73,727.96,425.71,11.77,0,0.00,0.00,998.28,16.41,0
W-0074,2026-05-18,730.19,706.32,630.12,23.87,0,0.00,0.00,5441.36,60.45,0
W-0074,2026-05-25,688.55,534.70,336.56,153.85,0,0.00,0.00,5963.61,124.04,0
W-0074,2026-06-01,802.75,884.00,884.00,-81.25,1,109.31,0.00,6932.66,54.9,0
W-0074,2026-06-08,374.97,126.00,126.00,248.97,0,0.00,0.00,7170.14,398.34,0
W-0074,2026-06-15,395.60,248.00,248.00,147.60,1,63.08,4.42,-83.58,-2.36,1
W-0074,2026-06-22,624.53,145.22,126.00,479.31,1,29.21,0.00,4357.24,242.07,0
W-0074,2026-06-29,292.48,0.00,0.00,292.48,1,27.71,1.99,8620.24,,0
W-0075,2026-03-30,129.68,1237.95,1179.01,-1108.27,0,0.00,0.00,3083.67,18.31,0
W-0075,2026-04-06,625.78,751.58,635.86,-125.80,0,0.00,0.00,2378.09,26.18,0
W-0075,2026-04-13,444.46,371.64,244.39,72.82,0,0.00,0.00,2006.45,57.47,0
W-0075,2026-04-20,436.94,422.77,345.20,14.17,0,0.00,0.00,1583.68,32.11,0
W-0075,2026-04-27,532.99,1136.17,1042.30,-603.18,0,0.00,0.00,2571.50,17.27,0
W-0075,2026-05-04,79.26,554.53,346.03,-475.27,0,0.00,0.00,813.98,16.47,0
W-0075,2026-05-11,397.29,360.94,236.55,36.35,0,0.00,0.00,499.04,14.77,0
W-0075,2026-05-18,772.16,222.26,177.66,549.90,0,0.00,0.00,3820.21,150.52,0
W-0075,2026-05-25,374.69,315.27,274.01,59.42,0,0.00,0.00,4194.90,107.17,0
W-0075,2026-06-01,385.15,926.00,926.00,-540.85,0,0.00,0.00,-43.49,-0.33,1
W-0075,2026-06-08,351.64,51.00,51.00,300.64,0,0.00,0.00,-48.49,-6.66,1
W-0075,2026-06-15,512.34,0.00,0.00,512.34,0,0.00,0.00,5338.36,,0
W-0075,2026-06-22,532.70,10.00,10.00,522.70,0,0.00,0.00,-58.49,-40.94,1
W-0075,2026-06-29,324.89,0.00,0.00,324.89,0,0.00,0.00,6301.62,,0
W-0076,2026-03-30,320.69,1217.35,1194.28,-896.66,0,0.00,0.00,1392.20,8.16,0
W-0076,2026-04-06,436.30,1190.89,1076.88,-754.59,0,0.00,0.00,1078.31,7.01,0
W-0076,2026-04-13,546.67,574.89,270.90,-28.22,0,0.00,0.00,503.42,13.01,0
W-0076,2026-04-20,679.22,505.18,285.37,174.04,0,0.00,0.00,59.24,1.45,0
W-0076,2026-04-27,648.22,1009.10,971.05,-360.88,0,0.00,0.00,2581.26,18.61,0
W-0076,2026-05-04,201.68,877.00,877.00,-675.32,0,0.00,0.00,4125.55,32.93,0
W-0076,2026-05-11,817.53,23.44,0.00,794.09,0,0.00,0.00,3729.69,,0
W-0076,2026-05-18,329.40,66.00,66.00,263.40,0,0.00,0.00,4059.09,430.51,0
W-0076,2026-05-25,293.90,36.25,10.00,257.65,0,0.00,0.00,4184.77,2929.34,0
W-0076,2026-06-01,561.44,1650.00,1650.00,-1088.56,0,0.00,0.00,-96.55,-0.41,1
W-0076,2026-06-08,579.84,165.00,165.00,414.84,0,0.00,0.00,5893.88,250.04,0
W-0076,2026-06-15,1004.30,61.00,61.00,943.30,0,0.00,0.00,6361.71,730.03,0
W-0076,2026-06-22,362.18,5.00,5.00,357.18,0,0.00,0.00,6975.92,9766.29,0
W-0076,2026-06-29,418.80,5.00,5.00,413.80,0,0.00,0.00,7279.55,10191.37,0
W-0077,2026-03-30,295.96,1086.34,989.78,-790.38,0,0.00,0.00,5030.64,35.58,0
W-0077,2026-04-06,609.75,859.53,757.28,-249.78,0,0.00,0.00,1537.04,14.21,0
W-0077,2026-04-13,852.00,433.85,363.07,418.15,0,0.00,0.00,2071.07,39.93,0
W-0077,2026-04-20,524.45,259.66,17.71,264.79,0,0.00,0.00,4123.68,1629.91,0
W-0077,2026-04-27,787.89,1180.38,1068.08,-392.49,0,0.00,0.00,3749.30,24.57,0
W-0077,2026-05-04,629.20,1319.66,1293.62,-690.46,0,0.00,0.00,3054.64,16.53,0
W-0077,2026-05-11,574.64,419.54,238.68,155.10,0,0.00,0.00,2689.10,78.87,0
W-0077,2026-05-18,1299.58,326.79,167.57,972.79,0,0.00,0.00,6328.18,264.35,0
W-0077,2026-05-25,900.77,209.68,89.82,691.09,0,0.00,0.00,2152.63,167.76,0
W-0077,2026-06-01,435.82,1416.81,1299.44,-980.99,0,0.00,0.00,1987.82,10.71,0
W-0077,2026-06-08,632.61,711.06,648.70,-78.45,0,0.00,0.00,1455.76,15.71,0
W-0077,2026-06-15,600.37,348.00,276.58,252.37,0,0.00,0.00,8233.82,208.39,0
W-0077,2026-06-22,846.76,784.10,511.71,62.66,0,0.00,0.00,377.66,5.17,0
W-0077,2026-06-29,298.90,218.64,195.22,80.26,0,0.00,0.00,9733.06,349.0,0
W-0078,2026-03-30,171.16,188.07,97.61,-16.91,0,0.00,0.00,3422.67,245.45,0
W-0078,2026-04-06,631.08,427.70,246.59,203.38,0,0.00,0.00,2994.97,85.02,0
W-0078,2026-04-13,321.53,1553.42,1413.41,-1231.89,0,0.00,0.00,1509.74,7.48,0
W-0078,2026-04-20,242.95,553.72,371.25,-310.77,0,0.00,0.00,2077.83,39.18,0
W-0078,2026-04-27,775.01,528.44,315.43,246.57,0,0.00,0.00,1599.81,35.5,0
W-0078,2026-05-04,412.72,925.78,891.93,-513.06,0,0.00,0.00,700.61,5.5,0
W-0078,2026-05-11,890.17,1444.96,1242.20,-554.79,0,0.00,0.00,3904.11,22.0,0
W-0078,2026-05-18,213.58,304.27,263.73,-90.69,1,99.78,4.99,52.78,1.4,0
W-0078,2026-05-25,542.74,172.33,139.00,370.41,0,0.00,0.00,4470.16,225.12,0
W-0078,2026-06-01,623.71,77.00,77.00,546.71,1,118.03,1.99,5210.62,473.69,0
W-0078,2026-06-08,828.17,37.89,0.00,790.28,1,67.04,1.99,6038.79,,0
W-0078,2026-06-15,209.53,1056.00,1056.00,-846.47,0,0.00,0.00,6367.52,42.21,0
W-0078,2026-06-22,997.44,139.00,139.00,858.44,1,65.03,0.00,7245.76,364.89,0
W-0078,2026-06-29,88.98,0.00,0.00,88.98,0,0.00,0.00,7334.74,,0
W-0079,2026-03-30,587.89,1368.49,1304.78,-780.60,0,0.00,0.00,10290.47,55.21,0
W-0079,2026-04-06,1031.37,360.26,265.93,671.11,0,0.00,0.00,10051.21,264.58,0
W-0079,2026-04-13,1673.95,239.38,228.97,1434.57,0,0.00,0.00,9811.83,299.96,0
W-0079,2026-04-20,1242.60,413.11,224.47,829.49,0,0.00,0.00,9491.41,295.99,0
W-0079,2026-04-27,1086.25,1649.09,1505.36,-562.84,0,0.00,0.00,9048.63,42.08,0
W-0079,2026-05-04,972.93,526.36,479.66,446.57,0,0.00,0.00,8643.27,126.14,0
W-0079,2026-05-11,1043.64,467.78,329.23,575.86,0,0.00,0.00,8134.36,172.95,0
W-0079,2026-05-18,1180.07,289.84,165.92,890.23,0,0.00,0.00,8410.40,354.83,0
W-0079,2026-05-25,702.02,633.38,460.86,68.64,0,0.00,0.00,7333.27,111.38,0
W-0079,2026-06-01,794.08,1651.11,1585.58,-857.03,0,0.00,0.00,10522.87,46.46,0
W-0079,2026-06-08,1470.62,376.61,218.27,1094.01,0,0.00,0.00,6670.43,213.92,0
W-0079,2026-06-15,913.76,241.82,168.75,671.94,0,0.00,0.00,6430.69,266.75,0
W-0079,2026-06-22,1163.94,348.38,203.57,815.56,1,55.83,1.99,6135.35,210.97,0
W-0079,2026-06-29,631.52,173.84,139.60,457.68,0,0.00,0.00,14451.60,724.65,0
W-0080,2026-03-30,256.84,2870.45,2796.29,-2613.61,0,0.00,0.00,317.50,0.79,0
W-0080,2026-04-06,611.42,358.99,184.00,252.43,0,0.00,0.00,-41.49,-1.58,1
W-0080,2026-04-13,1079.56,166.00,166.00,913.56,0,0.00,0.00,2067.12,87.17,0
W-0080,2026-04-20,591.00,0.00,0.00,591.00,0,0.00,0.00,2893.98,,0
W-0080,2026-04-27,1012.58,2586.99,2567.00,-1574.41,0,0.00,0.00,3772.56,10.29,0
W-0080,2026-05-04,574.90,5.00,5.00,569.90,0,0.00,0.00,-51.49,-72.09,1
W-0080,2026-05-11,504.10,171.00,171.00,333.10,0,0.00,0.00,2498.92,102.29,0
W-0080,2026-05-18,851.51,0.00,0.00,851.51,0,0.00,0.00,5707.77,,0
W-0080,2026-05-25,650.69,19.99,0.00,630.70,0,0.00,0.00,5838.13,,0
W-0080,2026-06-01,372.85,2584.09,2575.56,-2211.24,0,0.00,0.00,-78.58,-0.21,1
W-0080,2026-06-08,1163.31,45.08,0.00,1118.23,0,0.00,0.00,7788.06,,0
W-0080,2026-06-15,403.05,166.00,166.00,237.05,0,0.00,0.00,-128.66,-5.43,1
W-0080,2026-06-22,417.88,19.99,0.00,397.89,1,78.87,3.94,8388.00,,0
W-0080,2026-06-29,255.93,0.00,0.00,255.93,0,0.00,0.00,8768.22,,0
W-0081,2026-03-30,153.01,336.90,134.27,-183.89,0,0.00,0.00,3594.17,187.38,0
W-0081,2026-04-06,733.76,536.24,370.67,197.52,0,0.00,0.00,3057.93,57.75,0
W-0081,2026-04-13,463.69,2518.40,2490.27,-2054.71,0,0.00,0.00,1266.60,3.56,0
W-0081,2026-04-20,196.62,240.66,230.87,-44.04,0,0.00,0.00,2377.87,72.1,0
W-0081,2026-04-27,932.57,597.86,366.60,334.71,0,0.00,0.00,1986.81,37.94,0
W-0081,2026-05-04,817.14,893.51,730.90,-76.37,0,0.00,0.00,961.50,9.21,0
W-0081,2026-05-11,816.93,2315.13,2194.60,-1498.20,0,0.00,0.00,725.37,2.31,0
W-0081,2026-05-18,920.86,419.31,382.59,501.55,0,0.00,0.00,306.06,5.6,0
W-0081,2026-05-25,1024.37,315.47,162.21,708.90,0,0.00,0.00,6323.80,272.9,0
W-0081,2026-06-01,1158.54,75.00,75.00,1083.54,0,0.00,0.00,7130.64,665.53,0
W-0081,2026-06-08,709.52,90.00,90.00,619.52,0,0.00,0.00,4081.07,317.42,0
W-0081,2026-06-15,1143.08,1999.00,1999.00,-855.92,0,0.00,0.00,-19.41,-0.07,1
W-0081,2026-06-22,837.76,0.00,0.00,837.76,0,0.00,0.00,9988.69,,0
W-0081,2026-06-29,329.38,0.00,0.00,329.38,0,0.00,0.00,10166.10,,0
W-0082,2026-03-30,554.94,2024.08,2024.08,-1469.14,0,0.00,0.00,318.26,1.1,0
W-0082,2026-04-06,953.86,316.27,182.21,637.59,0,0.00,0.00,2842.55,109.2,0
W-0082,2026-04-13,824.52,388.31,357.01,436.21,0,0.00,0.00,2433.08,47.71,0
W-0082,2026-04-20,293.60,738.89,547.34,-445.29,0,0.00,0.00,1947.35,24.9,0
W-0082,2026-04-27,1006.79,1907.24,1828.37,-900.45,0,0.00,0.00,3733.47,14.29,0
W-0082,2026-05-04,565.45,298.61,120.57,266.84,0,0.00,0.00,1490.50,86.53,0
W-0082,2026-05-11,550.60,530.71,331.84,19.89,0,0.00,0.00,974.00,20.55,0
W-0082,2026-05-18,664.65,441.45,328.96,223.20,0,0.00,0.00,5620.23,119.59,0
W-0082,2026-05-25,599.69,156.37,83.90,443.32,0,0.00,0.00,623.08,51.99,0
W-0082,2026-06-01,856.44,2168.39,2092.80,-1311.95,0,0.00,0.00,211.41,0.71,0
W-0082,2026-06-08,860.78,198.69,139.43,662.09,0,0.00,0.00,7831.08,393.15,0
W-0082,2026-06-15,501.60,138.00,138.00,363.60,0,0.00,0.00,8097.62,410.75,0
W-0082,2026-06-22,741.14,94.00,94.00,647.14,0,0.00,0.00,9073.82,675.71,0
W-0082,2026-06-29,303.08,5.00,5.00,298.08,0,0.00,0.00,9228.94,12920.52,0
W-0083,2026-03-30,386.60,231.01,167.96,155.59,1,58.66,1.99,4944.26,206.06,0
W-0083,2026-04-06,850.22,273.79,202.26,576.43,0,0.00,0.00,1139.01,39.42,0
W-0083,2026-04-13,863.49,1884.87,1742.55,-1021.38,0,0.00,0.00,3977.59,15.98,0
W-0083,2026-04-20,523.63,382.38,290.57,141.25,3,325.62,11.37,3741.21,90.13,0
W-0083,2026-04-27,293.31,260.47,229.38,32.84,1,69.99,3.50,3220.15,98.27,0
W-0083,2026-05-04,686.97,640.76,561.61,46.21,1,115.02,0.00,2839.98,35.4,0
W-0083,2026-05-11,1074.16,1663.63,1547.47,-589.47,0,0.00,0.00,2368.34,10.71,0
W-0083,2026-05-18,163.02,621.18,430.42,-458.16,0,0.00,0.00,1893.16,30.79,0
W-0083,2026-05-25,1033.08,209.94,155.14,823.14,0,0.00,0.00,6367.32,287.3,0
W-0083,2026-06-01,863.07,353.21,207.90,509.86,0,0.00,0.00,1330.01,44.78,0
W-0083,2026-06-08,234.11,578.43,265.60,-344.32,0,0.00,0.00,751.58,19.81,0
W-0083,2026-06-15,654.29,1419.85,1358.19,-765.56,0,0.00,0.00,7792.23,40.16,0
W-0083,2026-06-22,863.37,456.56,354.58,406.81,0,0.00,0.00,8311.76,164.09,0
W-0083,2026-06-29,397.02,37.53,37.53,359.49,0,0.00,0.00,9189.24,1713.95,0
W-0084,2026-03-30,220.62,1454.04,1411.09,-1233.42,0,0.00,0.00,4238.18,21.02,0
W-0084,2026-04-06,559.68,470.29,404.38,89.39,1,60.72,1.99,952.85,16.49,0
W-0084,2026-04-13,1022.71,468.21,297.01,554.50,0,0.00,0.00,3472.68,81.84,0
W-0084,2026-04-20,903.74,380.82,262.77,522.92,0,0.00,0.00,3178.56,84.67,0
W-0084,2026-04-27,663.52,1746.61,1528.22,-1083.09,1,87.27,0.00,2634.25,12.07,0
W-0084,2026-05-04,429.21,251.86,137.10,177.35,0,0.00,0.00,2382.39,121.64,0
W-0084,2026-05-11,758.54,618.70,525.80,139.84,1,34.38,1.99,1936.69,25.78,0
W-0084,2026-05-18,1182.03,574.03,346.33,608.00,0,0.00,0.00,1362.66,27.54,0
W-0084,2026-05-25,494.34,312.76,199.29,181.58,1,94.33,0.00,5918.41,207.88,0
W-0084,2026-06-01,385.69,1751.65,1521.90,-1365.96,1,55.51,3.89,587.25,2.7,0
W-0084,2026-06-08,624.56,780.56,676.00,-156.00,1,77.84,2.34,16.75,0.17,0
W-0084,2026-06-15,417.80,0.00,0.00,417.80,1,47.00,2.35,7692.88,,0
W-0084,2026-06-22,593.90,50.00,50.00,543.90,1,38.80,2.72,8058.46,1128.18,0
W-0084,2026-06-29,552.44,0.00,0.00,552.44,0,0.00,0.00,8389.97,,0
W-0085,2026-03-30,365.00,1542.45,1504.10,-1177.45,0,0.00,0.00,3647.23,16.97,0
W-0085,2026-04-06,486.69,466.12,375.06,20.57,0,0.00,0.00,3347.96,62.49,0
W-0085,2026-04-13,838.53,303.93,95.68,534.60,0,0.00,0.00,2053.96,150.27,0
W-0085,2026-04-20,212.08,629.76,602.71,-417.68,0,0.00,0.00,2414.27,28.04,0
W-0085,2026-04-27,813.01,1554.54,1458.92,-741.53,0,0.00,0.00,3079.05,14.77,0
W-0085,2026-05-04,150.33,469.80,347.52,-319.47,0,0.00,0.00,4070.53,81.99,0
W-0085,2026-05-11,1041.48,528.47,352.93,513.01,0,0.00,0.00,1287.46,25.54,0
W-0085,2026-05-18,678.34,265.68,191.79,412.66,0,0.00,0.00,1021.78,37.29,0
W-0085,2026-05-25,797.98,429.82,230.48,368.16,0,0.00,0.00,591.96,17.98,0
W-0085,2026-06-01,868.42,1833.79,1789.86,-965.37,0,0.00,0.00,43.92,0.17,0
W-0085,2026-06-08,477.26,190.00,190.00,287.26,0,0.00,0.00,6936.19,255.54,0
W-0085,2026-06-15,352.92,0.00,0.00,352.92,0,0.00,0.00,7445.78,,0
W-0085,2026-06-22,234.76,5.00,5.00,229.76,0,0.00,0.00,7680.54,10752.76,0
W-0085,2026-06-29,527.99,0.00,0.00,527.99,0,0.00,0.00,7910.83,,0
W-0086,2026-03-30,94.13,245.63,179.34,-151.50,0,0.00,0.00,1.81,0.07,0
W-0086,2026-04-06,674.26,5.00,5.00,669.26,1,26.41,1.99,1002.80,1403.92,0
W-0086,2026-04-13,743.81,2162.00,2162.00,-1418.19,0,0.00,0.00,1289.80,4.18,0
W-0086,2026-04-20,662.84,82.00,82.00,580.84,0,0.00,0.00,2056.08,175.52,0
W-0086,2026-04-27,302.06,10.00,10.00,292.06,1,32.63,1.99,-18.19,-12.73,1
W-0086,2026-05-04,636.56,5.00,5.00,631.56,0,0.00,0.00,-23.19,-32.47,1
W-0086,2026-05-11,387.19,2157.00,2157.00,-1769.81,1,47.76,2.39,3651.11,11.85,0
W-0086,2026-05-18,266.83,0.00,0.00,266.83,0,0.00,0.00,4034.37,,0
W-0086,2026-05-25,731.20,82.00,82.00,649.20,0,0.00,0.00,4364.71,372.6,0
W-0086,2026-06-01,314.30,10.00,10.00,304.30,0,0.00,0.00,-33.19,-23.23,1
W-0086,2026-06-08,214.01,47.30,5.00,166.71,1,29.77,1.99,-80.49,-112.69,1
W-0086,2026-06-15,740.43,2157.00,2157.00,-1416.57,0,0.00,0.00,5745.49,18.65,0
W-0086,2026-06-22,383.76,82.00,82.00,301.76,0,0.00,0.00,6140.00,524.15,0
W-0086,2026-06-29,662.80,0.00,0.00,662.80,0,0.00,0.00,6964.44,,0
W-0087,2026-03-30,285.34,1375.57,1281.74,-1090.23,1,65.34,1.99,4715.50,25.75,0
W-0087,2026-04-06,503.55,341.16,282.51,162.39,1,50.09,1.99,4423.34,109.6,0
W-0087,2026-04-13,433.60,207.95,191.99,225.65,0,0.00,0.00,1487.92,54.25,0
W-0087,2026-04-20,391.78,465.66,95.96,-73.88,0,0.00,0.00,3767.32,274.81,0
W-0087,2026-04-27,981.32,1373.10,1331.19,-391.78,0,0.00,0.00,3249.80,17.09,0
W-0087,2026-05-04,1028.49,684.40,582.54,344.09,1,95.48,1.99,3780.86,45.43,0
W-0087,2026-05-11,411.86,172.09,104.50,239.77,1,58.85,1.99,2637.14,176.65,0
W-0087,2026-05-18,824.80,130.10,38.43,694.70,0,0.00,0.00,2507.04,456.66,0
W-0087,2026-05-25,718.88,405.25,149.81,313.63,0,0.00,0.00,2101.79,98.21,0
W-0087,2026-06-01,603.26,1575.99,1327.97,-972.73,0,0.00,0.00,1593.80,8.4,0
W-0087,2026-06-08,459.90,208.26,115.62,251.64,0,0.00,0.00,1434.54,86.85,0
W-0087,2026-06-15,669.33,701.51,558.15,-32.18,0,0.00,0.00,798.73,10.02,0
W-0087,2026-06-22,704.62,733.84,506.65,-29.22,1,33.64,1.99,8151.02,112.62,0
W-0087,2026-06-29,0.00,5.00,5.00,-5.00,0,0.00,0.00,-5.81,-8.13,1
W-0088,2026-03-30,447.33,1925.69,1883.64,-1478.36,0,0.00,0.00,1019.39,3.79,0
W-0088,2026-04-06,400.14,841.83,822.15,-441.69,0,0.00,0.00,794.05,6.76,0
W-0088,2026-04-13,614.09,268.99,268.99,345.10,0,0.00,0.00,1151.79,29.97,0
W-0088,2026-04-20,367.66,128.72,82.00,238.94,0,0.00,0.00,1895.17,161.78,0
W-0088,2026-04-27,449.51,1785.00,1785.00,-1335.49,0,0.00,0.00,3593.41,14.09,0
W-0088,2026-05-04,628.09,162.00,162.00,466.09,0,0.00,0.00,1263.41,54.59,0
W-0088,2026-05-11,603.69,10.84,0.00,592.85,0,0.00,0.00,3709.07,,0
W-0088,2026-05-18,727.10,0.00,0.00,727.10,0,0.00,0.00,4303.56,,0
W-0088,2026-05-25,448.91,91.99,77.00,356.92,0,0.00,0.00,4752.47,432.04,0
W-0088,2026-06-01,297.94,1785.00,1785.00,-1487.06,0,0.00,0.00,4847.33,19.01,0
W-0088,2026-06-08,864.28,157.00,157.00,707.28,0,0.00,0.00,5681.37,253.31,0
W-0088,2026-06-15,292.87,5.00,5.00,287.87,0,0.00,0.00,6054.87,8476.82,0
W-0088,2026-06-22,955.85,97.64,77.00,858.21,0,0.00,0.00,6878.99,625.36,0
W-0088,2026-06-29,0.00,5.00,5.00,-5.00,0,0.00,0.00,-101.29,-141.81,1
W-0089,2026-03-30,445.26,2924.77,2848.56,-2479.51,0,0.00,0.00,3571.21,8.78,0
W-0089,2026-04-06,596.43,542.88,384.48,53.55,0,0.00,0.00,2127.44,38.73,0
W-0089,2026-04-13,776.76,346.61,225.03,430.15,0,0.00,0.00,1917.32,59.64,0
W-0089,2026-04-20,802.39,363.57,251.10,438.82,0,0.00,0.00,2915.46,81.28,0
W-0089,2026-04-27,726.99,2445.60,2343.05,-1718.61,0,0.00,0.00,3642.45,10.88,0
W-0089,2026-05-04,627.01,664.89,475.52,-37.88,0,0.00,0.00,4269.46,62.85,0
W-0089,2026-05-11,770.06,219.40,103.35,550.66,0,0.00,0.00,5039.52,341.33,0
W-0089,2026-05-18,436.52,331.05,296.06,105.47,0,0.00,0.00,5476.04,129.47,0
W-0089,2026-05-25,609.59,142.70,0.00,466.89,0,0.00,0.00,6085.63,,0
W-0089,2026-06-01,1018.40,2284.00,2284.00,-1265.60,0,0.00,0.00,7104.03,21.77,0
W-0089,2026-06-08,938.15,0.00,0.00,938.15,0,0.00,0.00,8042.18,,0
W-0089,2026-06-15,631.26,10.00,10.00,621.26,1,72.96,2.19,8673.44,6071.41,0
W-0089,2026-06-22,1128.76,5.00,5.00,1123.76,0,0.00,0.00,9802.20,13723.08,0
W-0089,2026-06-29,324.01,26.83,0.00,297.18,0,0.00,0.00,10126.21,,0
W-0090,2026-03-30,212.79,1970.45,1791.93,-1757.66,0,0.00,0.00,295.70,1.16,0
W-0090,2026-04-06,522.61,227.00,227.00,295.61,0,0.00,0.00,818.31,25.23,0
W-0090,2026-04-13,139.57,118.00,118.00,21.57,0,0.00,0.00,957.88,56.82,0
W-0090,2026-04-20,365.17,164.00,164.00,201.17,0,0.00,0.00,455.97,19.46,0
W-0090,2026-04-27,659.34,1772.99,1748.00,-1113.65,0,0.00,0.00,187.99,0.75,0
W-0090,2026-05-04,714.32,227.00,227.00,487.32,0,0.00,0.00,2510.89,77.43,0
W-0090,2026-05-11,786.69,123.00,123.00,663.69,0,0.00,0.00,3459.34,196.87,0
W-0090,2026-05-18,335.03,164.00,164.00,171.03,0,0.00,0.00,346.97,14.81,0
W-0090,2026-05-25,745.33,0.00,0.00,745.33,0,0.00,0.00,4305.70,,0
W-0090,2026-06-01,682.68,1999.99,1975.00,-1317.31,2,90.99,6.37,564.97,2.0,0
W-0090,2026-06-08,421.57,41.04,0.00,380.53,0,0.00,0.00,5668.01,,0
W-0090,2026-06-15,253.87,168.00,168.00,85.87,0,0.00,0.00,1599.97,66.67,0
W-0090,2026-06-22,709.21,109.00,109.00,600.21,0,0.00,0.00,6739.87,432.84,0
W-0090,2026-06-29,362.88,0.00,0.00,362.88,0,0.00,0.00,6891.80,,0
W-0091,2026-03-30,362.86,1425.36,1283.59,-1062.50,0,0.00,0.00,492.23,2.68,0
W-0091,2026-04-06,821.36,197.76,99.12,623.60,0,0.00,0.00,7419.66,523.99,0
W-0091,2026-04-13,283.92,656.03,525.55,-372.11,1,41.68,1.99,6867.32,91.47,0
W-0091,2026-04-20,705.55,409.58,320.44,295.97,0,0.00,0.00,6435.05,140.57,0
W-0091,2026-04-27,1084.16,1436.15,1323.19,-351.99,0,0.00,0.00,9285.78,49.12,0
W-0091,2026-05-04,1662.38,510.05,358.84,1152.33,0,0.00,0.00,5704.85,111.29,0
W-0091,2026-05-11,811.61,72.83,52.93,738.78,0,0.00,0.00,5803.18,767.47,0
W-0091,2026-05-18,847.83,419.91,419.91,427.92,0,0.00,0.00,7082.25,118.06,0
W-0091,2026-05-25,638.92,439.50,408.38,199.42,0,0.00,0.00,4853.61,83.2,0
W-0091,2026-06-01,954.72,1810.67,1602.08,-855.95,0,0.00,0.00,4258.94,18.61,0
W-0091,2026-06-08,928.01,622.39,550.80,305.62,0,0.00,0.00,9255.23,117.62,0
W-0091,2026-06-15,1107.46,342.48,219.41,764.98,0,0.00,0.00,10535.03,336.11,0
W-0091,2026-06-22,564.71,411.50,187.50,153.21,0,0.00,0.00,2963.57,110.64,0
W-0091,2026-06-29,618.04,476.58,348.06,141.46,0,0.00,0.00,11717.78,235.66,0
W-0092,2026-03-30,167.76,2254.72,2160.31,-2086.96,0,0.00,0.00,542.92,1.76,0
W-0092,2026-04-06,453.10,388.32,250.60,64.78,0,0.00,0.00,242.60,6.78,0
W-0092,2026-04-13,618.23,1047.16,1005.90,-428.93,0,0.00,0.00,1489.99,10.37,0
W-0092,2026-04-20,1266.67,5.00,5.00,1261.67,0,0.00,0.00,2935.66,4109.92,0
W-0092,2026-04-27,458.56,1783.00,1783.00,-1324.44,0,0.00,0.00,3394.22,13.33,0
W-0092,2026-05-04,707.33,144.71,93.00,562.62,0,0.00,0.00,4199.59,316.1,0
W-0092,2026-05-11,438.51,768.00,768.00,-329.49,0,0.00,0.00,4540.06,41.38,0
W-0092,2026-05-18,544.47,31.78,0.00,512.69,0,0.00,0.00,5084.53,,0
W-0092,2026-05-25,525.28,0.00,0.00,525.28,0,0.00,0.00,5757.47,,0
W-0092,2026-06-01,1003.28,1783.00,1783.00,-779.72,0,0.00,0.00,6613.09,25.96,0
W-0092,2026-06-08,853.43,104.44,88.00,748.99,0,0.00,0.00,7466.52,593.93,0
W-0092,2026-06-15,501.26,763.00,763.00,-261.74,0,0.00,0.00,7967.78,73.1,0
W-0092,2026-06-22,590.65,12.43,0.00,578.22,0,0.00,0.00,8558.43,,0
W-0092,2026-06-29,358.21,0.00,0.00,358.21,0,0.00,0.00,8916.64,,0
W-0093,2026-03-30,479.79,1080.98,1080.98,-601.19,0,0.00,0.00,8249.36,53.42,0
W-0093,2026-04-06,993.86,894.23,815.08,99.63,0,0.00,0.00,7355.13,63.17,0
W-0093,2026-04-13,979.24,254.02,161.09,725.22,0,0.00,0.00,2915.34,126.68,0
W-0093,2026-04-20,622.33,536.61,469.50,85.72,0,0.00,0.00,6564.50,97.87,0
W-0093,2026-04-27,1183.52,1254.42,994.06,-70.90,0,0.00,0.00,4354.23,30.66,0
W-0093,2026-05-04,517.09,321.15,214.29,195.94,0,0.00,0.00,5171.07,168.92,0
W-0093,2026-05-11,1007.77,290.36,247.56,717.41,0,0.00,0.00,5571.57,157.54,0
W-0093,2026-05-18,623.80,217.65,90.68,406.15,0,0.00,0.00,5390.18,416.09,0
W-0093,2026-05-25,942.12,151.36,104.87,790.76,0,0.00,0.00,7579.06,505.9,0
W-0093,2026-06-01,756.52,1207.35,1063.02,-450.83,0,0.00,0.00,4868.21,32.06,0
W-0093,2026-06-08,637.58,477.45,378.84,160.13,0,0.00,0.00,4457.60,82.37,0
W-0093,2026-06-15,705.67,466.23,335.86,239.44,0,0.00,0.00,3924.53,81.8,0
W-0093,2026-06-22,1058.36,885.36,653.00,173.00,0,0.00,0.00,3039.17,32.58,0
W-0093,2026-06-29,339.15,88.54,88.54,250.61,0,0.00,0.00,11076.34,875.7,0
W-0094,2026-03-30,300.60,1851.62,1728.41,-1551.02,0,0.00,0.00,191.65,0.78,0
W-0094,2026-04-06,564.82,148.76,110.76,416.06,0,0.00,0.00,42.89,2.71,0
W-0094,2026-04-13,422.19,275.42,275.42,146.77,0,0.00,0.00,1502.18,38.18,0
W-0094,2026-04-20,655.74,186.62,142.00,469.12,0,0.00,0.00,2157.92,106.38,0
W-0094,2026-04-27,184.19,1537.00,1537.00,-1352.81,0,0.00,0.00,2259.55,10.29,0
W-0094,2026-05-04,265.92,0.00,0.00,265.92,0,0.00,0.00,2685.99,,0
W-0094,2026-05-11,376.14,238.05,232.00,138.09,0,0.00,0.00,2124.24,64.09,0
W-0094,2026-05-18,512.57,19.99,0.00,492.58,0,0.00,0.00,526.26,,0
W-0094,2026-05-25,427.07,297.00,297.00,130.07,0,0.00,0.00,3923.81,92.48,0
W-0094,2026-06-01,319.18,1387.00,1387.00,-1067.82,0,0.00,0.00,4242.99,21.41,0
W-0094,2026-06-08,584.10,150.00,150.00,434.10,0,0.00,0.00,4966.81,231.78,0
W-0094,2026-06-15,603.81,82.00,82.00,521.81,0,0.00,0.00,5430.90,463.61,0
W-0094,2026-06-22,782.24,311.99,292.00,470.25,0,0.00,0.00,6104.92,146.35,0
W-0094,2026-06-29,236.10,0.00,0.00,236.10,0,0.00,0.00,6317.35,,0
W-0095,2026-03-30,879.28,1305.57,1263.14,-426.29,0,0.00,0.00,1186.78,6.58,0
W-0095,2026-04-06,734.68,452.64,340.00,282.04,0,0.00,0.00,1921.46,39.56,0
W-0095,2026-04-13,501.27,1640.07,1586.74,-1138.80,0,0.00,0.00,2677.35,11.81,0
W-0095,2026-04-20,637.55,295.03,172.19,342.52,0,0.00,0.00,3060.28,124.41,0
W-0095,2026-04-27,753.98,951.89,913.66,-197.91,0,0.00,0.00,3814.26,29.22,0
W-0095,2026-05-04,1029.35,553.76,412.24,475.59,0,0.00,0.00,4843.61,82.25,0
W-0095,2026-05-11,598.43,1643.42,1426.78,-1044.99,0,0.00,0.00,5442.04,26.7,0
W-0095,2026-05-18,459.67,718.34,565.38,-258.67,0,0.00,0.00,625.12,7.74,0
W-0095,2026-05-25,652.62,359.79,83.25,292.83,0,0.00,0.00,165.80,13.94,0
W-0095,2026-06-01,561.74,998.87,947.73,-437.13,0,0.00,0.00,7116.07,52.56,0
W-0095,2026-06-08,1014.82,110.00,110.00,904.82,0,0.00,0.00,8130.89,517.42,0
W-0095,2026-06-15,577.05,1137.99,1128.00,-560.94,0,0.00,0.00,8707.94,54.04,0
W-0095,2026-06-22,989.06,10.00,10.00,979.06,1,141.68,4.25,9697.00,6787.9,0
W-0095,2026-06-29,423.30,0.00,0.00,423.30,0,0.00,0.00,10120.30,,0
W-0096,2026-03-30,593.53,1807.89,1733.75,-1214.36,0,0.00,0.00,949.73,3.83,0
W-0096,2026-04-06,1066.46,602.63,502.34,463.83,0,0.00,0.00,6392.37,89.08,0
W-0096,2026-04-13,1258.57,747.65,425.39,510.92,0,0.00,0.00,5710.72,93.97,0
W-0096,2026-04-20,577.33,437.69,422.02,139.64,0,0.00,0.00,5340.03,88.57,0
W-0096,2026-04-27,1563.48,2102.97,1919.71,-539.49,1,149.35,10.45,5552.26,20.25,0
W-0096,2026-05-04,655.37,554.63,521.48,100.74,0,0.00,0.00,4618.42,61.99,0
W-0096,2026-05-11,1038.09,416.21,139.94,621.88,0,0.00,0.00,4268.21,213.5,0
W-0096,2026-05-18,736.81,280.28,195.78,456.53,0,0.00,0.00,4089.16,146.21,0
W-0096,2026-05-25,1539.56,618.85,519.51,920.71,0,0.00,0.00,9214.97,124.16,0
W-0096,2026-06-01,735.45,1987.71,1859.01,-1252.26,0,0.00,0.00,3172.36,11.95,0
W-0096,2026-06-08,894.76,843.15,744.75,51.61,0,0.00,0.00,2607.21,24.51,0
W-0096,2026-06-15,887.73,355.44,270.48,532.29,0,0.00,0.00,2318.77,60.01,0
W-0096,2026-06-22,778.44,241.26,73.72,537.18,0,0.00,0.00,12511.35,1188.0,0
W-0096,2026-06-29,587.51,124.90,45.27,462.61,0,0.00,0.00,12755.96,1972.43,0
W-0097,2026-03-30,475.42,305.30,198.63,170.12,0,0.00,0.00,809.29,28.52,0
W-0097,2026-04-06,1612.02,423.41,327.00,1188.61,0,0.00,0.00,2421.31,51.83,0
W-0097,2026-04-13,229.54,2249.85,2074.95,-2020.31,0,0.00,0.00,5398.02,18.21,0
W-0097,2026-04-20,1032.73,552.20,539.85,480.53,0,0.00,0.00,4887.82,63.38,0
W-0097,2026-04-27,654.41,410.63,200.09,243.78,0,0.00,0.00,4337.99,151.76,0
W-0097,2026-05-04,546.59,695.57,485.33,-148.98,0,0.00,0.00,3945.33,56.9,0
W-0097,2026-05-11,985.40,1838.11,1754.19,-852.71,0,0.00,0.00,5869.98,23.42,0
W-0097,2026-05-18,1292.01,380.93,255.93,911.08,0,0.00,0.00,3290.58,90.0,0
W-0097,2026-05-25,1019.80,590.26,532.61,429.54,0,0.00,0.00,2742.32,36.04,0
W-0097,2026-06-01,736.22,398.09,306.37,338.13,0,0.00,0.00,8918.01,203.76,0
W-0097,2026-06-08,1207.39,409.22,378.51,798.17,2,110.43,2.68,10125.40,187.25,0
W-0097,2026-06-15,289.70,1952.46,1698.49,-1662.76,0,0.00,0.00,1732.66,7.14,0
W-0097,2026-06-22,1289.32,625.75,458.24,663.57,0,0.00,0.00,11704.42,178.79,0
W-0097,2026-06-29,254.16,231.62,117.38,22.54,0,0.00,0.00,11958.58,713.15,0
W-0098,2026-03-30,0.00,1852.19,1734.82,-1852.19,0,0.00,0.00,5672.52,22.89,0
W-0098,2026-04-06,1070.53,122.74,0.00,947.79,1,65.75,1.99,5531.89,,0
W-0098,2026-04-13,404.71,818.46,735.70,-413.75,0,0.00,0.00,4921.43,46.83,0
W-0098,2026-04-20,365.14,768.24,552.02,-403.10,0,0.00,0.00,4213.19,53.43,0
W-0098,2026-04-27,572.97,1668.61,1638.36,-1095.64,0,0.00,0.00,4040.58,17.26,0
W-0098,2026-05-04,1107.21,470.18,397.27,637.03,0,0.00,0.00,3537.73,62.34,0
W-0098,2026-05-11,446.19,435.08,408.95,11.11,1,62.46,3.12,3357.96,57.48,0
W-0098,2026-05-18,1654.91,937.98,593.75,716.93,1,30.83,2.16,2519.42,29.7,0
W-0098,2026-05-25,1113.70,373.67,279.20,740.03,0,0.00,0.00,2101.66,52.69,0
W-0098,2026-06-01,1202.08,1927.03,1820.63,-724.95,1,31.07,1.99,1680.62,6.46,0
W-0098,2026-06-08,205.80,543.43,347.99,-337.63,1,38.31,2.68,1177.89,23.69,0
W-0098,2026-06-15,1239.77,1101.38,1054.46,138.39,1,128.09,0.00,334.74,2.22,0
W-0098,2026-06-22,1049.47,279.50,248.93,769.97,1,64.69,1.99,10676.73,300.23,0
W-0098,2026-06-29,466.69,20.92,0.00,445.77,0,0.00,0.00,11040.54,,0
W-0099,2026-03-30,80.52,1867.81,1775.00,-1787.29,2,73.58,4.10,1419.91,5.6,0
W-0099,2026-04-06,781.37,341.98,156.00,439.39,0,0.00,0.00,1102.92,49.49,0
W-0099,2026-04-13,757.57,615.97,594.67,141.60,0,0.00,0.00,798.95,9.4,0
W-0099,2026-04-20,614.40,419.29,343.03,195.11,3,213.43,8.70,379.66,7.75,0
W-0099,2026-04-27,180.08,2110.51,2064.71,-1930.43,0,0.00,0.00,110.56,0.37,0
W-0099,2026-05-04,637.39,79.63,54.64,557.76,1,33.83,1.99,3387.69,434.0,0
W-0099,2026-05-11,439.27,312.00,312.00,127.27,0,0.00,0.00,3768.65,84.55,0
W-0099,2026-05-18,876.56,0.00,0.00,876.56,0,0.00,0.00,4938.75,,0
W-0099,2026-05-25,493.62,149.46,133.00,344.16,0,0.00,0.00,5197.78,273.57,0
W-0099,2026-06-01,465.67,1642.00,1642.00,-1176.33,0,0.00,0.00,5763.03,24.57,0
W-0099,2026-06-08,548.37,228.77,133.00,319.60,1,90.01,2.70,6283.91,330.73,0
W-0099,2026-06-15,687.51,226.25,179.00,461.26,1,106.67,3.20,6874.66,268.84,0
W-0099,2026-06-22,472.47,133.00,133.00,339.47,0,0.00,0.00,7705.62,405.56,0
W-0099,2026-06-29,510.31,0.00,0.00,510.31,0,0.00,0.00,7561.16,,0
W-0100,2026-03-30,87.67,912.67,668.64,-825.00,1,96.95,2.91,4308.21,45.1,0
W-0100,2026-04-06,510.96,507.31,346.38,3.65,0,0.00,0.00,849.05,17.16,0
W-0100,2026-04-13,704.77,1132.26,1088.79,-427.49,1,83.80,0.00,1775.08,11.41,0
W-0100,2026-04-20,577.60,587.22,292.27,-9.62,1,67.60,3.38,2363.48,56.61,0
W-0100,2026-04-27,660.33,300.43,129.63,359.90,0,0.00,0.00,2674.87,144.44,0
W-0100,2026-05-04,457.01,566.71,546.08,-109.70,0,0.00,0.00,2339.12,29.98,0
W-0100,2026-05-11,556.19,933.84,805.92,-377.65,2,118.96,3.98,3927.95,34.12,0
W-0100,2026-05-18,494.75,150.92,135.64,343.83,0,0.00,0.00,1925.55,99.37,0
W-0100,2026-05-25,815.37,607.09,377.39,208.28,1,90.35,4.52,1303.18,24.17,0
W-0100,2026-06-01,420.01,592.64,472.66,-172.63,0,0.00,0.00,5865.58,86.87,0
W-0100,2026-06-08,699.92,686.93,553.06,12.99,0,0.00,0.00,6434.94,81.45,0
W-0100,2026-06-15,605.78,977.07,923.19,-371.29,1,51.52,2.58,-5.47,-0.04,1
W-0100,2026-06-22,589.93,19.74,0.00,570.19,0,0.00,0.00,7442.03,,0
W-0100,2026-06-29,395.91,0.00,0.00,395.91,0,0.00,0.00,7949.62,,0
W-0101,2026-03-30,0.00,1425.15,1411.81,-1425.15,0,0.00,0.00,5229.00,25.93,0
W-0101,2026-04-06,385.87,437.08,170.42,-51.21,0,0.00,0.00,4820.66,198.01,0
W-0101,2026-04-13,900.21,1107.87,1014.37,-207.66,0,0.00,0.00,1554.72,10.73,0
W-0101,2026-04-20,1208.25,361.96,298.80,846.29,0,0.00,0.00,3434.42,80.46,0
W-0101,2026-04-27,728.07,1091.69,990.22,-363.62,0,0.00,0.00,3553.46,25.12,0
W-0101,2026-05-04,824.09,512.95,351.60,311.14,0,0.00,0.00,2880.45,57.35,0
W-0101,2026-05-11,1177.83,641.71,456.67,536.12,0,0.00,0.00,2315.74,35.5,0
W-0101,2026-05-18,380.50,239.75,219.08,140.75,0,0.00,0.00,2075.99,66.33,0
W-0101,2026-05-25,1329.19,248.50,140.71,1080.69,0,0.00,0.00,1841.29,91.6,0
W-0101,2026-06-01,214.86,1527.69,1429.41,-1312.83,0,0.00,0.00,7311.76,35.81,0
W-0101,2026-06-08,825.28,319.45,277.33,505.83,0,0.00,0.00,1066.35,26.92,0
W-0101,2026-06-15,346.80,396.31,396.31,-49.51,0,0.00,0.00,747.04,13.19,0
W-0101,2026-06-22,160.86,546.05,352.24,-385.19,0,0.00,0.00,349.07,6.94,0
W-0101,2026-06-29,412.45,136.46,83.33,275.99,0,0.00,0.00,79.83,6.71,0
W-0102,2026-03-30,168.31,648.06,399.00,-479.75,1,77.33,5.41,7203.60,126.38,0
W-0102,2026-04-06,487.67,235.54,235.54,252.13,1,51.95,1.99,655.37,19.48,0
W-0102,2026-04-13,1271.82,892.36,769.51,379.46,0,0.00,0.00,6645.59,60.45,0
W-0102,2026-04-20,799.56,435.39,217.00,364.17,1,68.10,2.04,6273.20,202.36,0
W-0102,2026-04-27,1156.03,782.59,619.54,373.44,1,58.83,1.99,5914.60,66.83,0
W-0102,2026-05-04,1065.18,162.47,143.09,902.71,0,0.00,0.00,5752.13,281.4,0
W-0102,2026-05-11,392.55,1237.21,1097.27,-844.66,0,0.00,0.00,5127.92,32.71,0
W-0102,2026-05-18,845.86,379.27,168.99,466.59,0,0.00,0.00,4837.38,200.38,0
W-0102,2026-05-25,846.66,169.07,95.29,677.59,0,0.00,0.00,6952.94,510.76,0
W-0102,2026-06-01,716.72,737.75,511.96,-21.03,0,0.00,0.00,8099.41,110.74,0
W-0102,2026-06-08,873.60,595.21,559.49,278.39,1,52.07,2.60,3733.61,46.71,0
W-0102,2026-06-15,656.20,1029.18,981.57,-372.98,0,0.00,0.00,3317.43,23.66,0
W-0102,2026-06-22,675.53,383.94,303.39,291.59,0,0.00,0.00,2996.49,69.14,0
W-0102,2026-06-29,583.72,200.29,176.11,383.43,0,0.00,0.00,10684.53,424.69,0
W-0103,2026-03-30,0.00,1196.03,1066.00,-1196.03,0,0.00,0.00,3763.35,24.71,0
W-0103,2026-04-06,887.01,843.11,562.56,43.90,0,0.00,0.00,3080.16,38.33,0
W-0103,2026-04-13,461.66,356.78,232.37,104.88,0,0.00,0.00,1773.91,53.44,0
W-0103,2026-04-20,496.98,366.03,231.29,130.95,0,0.00,0.00,2257.43,68.32,0
W-0103,2026-04-27,483.12,978.68,897.28,-495.56,0,0.00,0.00,2583.09,20.15,0
W-0103,2026-05-04,423.10,397.47,262.96,25.63,0,0.00,0.00,1819.28,48.43,0
W-0103,2026-05-11,622.57,206.72,138.08,415.85,0,0.00,0.00,3668.90,186.0,0
W-0103,2026-05-18,709.10,184.34,146.37,524.76,0,0.00,0.00,1428.22,68.3,0
W-0103,2026-05-25,523.28,349.16,268.86,174.12,0,0.00,0.00,1079.06,28.09,0
W-0103,2026-06-01,327.08,1259.46,1040.34,-932.38,0,0.00,0.00,724.46,4.87,0
W-0103,2026-06-08,850.80,322.16,187.68,528.64,0,0.00,0.00,5962.41,222.38,0
W-0103,2026-06-15,365.87,372.99,246.08,-7.12,0,0.00,0.00,62.45,1.78,0
W-0103,2026-06-22,248.84,82.42,54.75,166.42,0,0.00,0.00,6730.40,860.51,0
W-0103,2026-06-29,70.73,0.00,0.00,70.73,0,0.00,0.00,6895.38,,0
W-0104,2026-03-30,416.12,147.91,126.83,268.21,1,138.18,9.67,501.81,27.7,0
W-0104,2026-04-06,326.53,721.19,643.11,-394.66,0,0.00,0.00,4509.28,49.08,0
W-0104,2026-04-13,196.16,1569.26,1517.85,-1373.10,0,0.00,0.00,4044.24,18.65,0
W-0104,2026-04-20,366.85,533.48,345.49,-166.63,0,0.00,0.00,3510.76,71.13,0
W-0104,2026-04-27,659.94,342.15,199.67,317.79,0,0.00,0.00,2347.43,82.3,0
W-0104,2026-05-04,1089.42,550.30,399.32,539.12,1,25.89,1.99,2780.69,48.74,0
W-0104,2026-05-11,1013.31,1726.25,1432.04,-712.94,0,0.00,0.00,2210.75,10.81,0
W-0104,2026-05-18,474.39,314.81,246.18,159.58,0,0.00,0.00,1809.25,51.45,0
W-0104,2026-05-25,678.29,273.17,239.59,405.12,0,0.00,0.00,1536.08,44.88,0
W-0104,2026-06-01,1128.17,412.05,269.94,716.12,0,0.00,0.00,6574.51,170.49,0
W-0104,2026-06-08,796.01,674.28,485.20,121.73,0,0.00,0.00,631.75,9.11,0
W-0104,2026-06-15,880.51,1430.89,1282.25,-550.38,1,116.87,3.51,8251.03,45.04,0
W-0104,2026-06-22,406.91,184.99,103.73,221.92,0,0.00,0.00,8657.94,584.26,0
W-0104,2026-06-29,288.66,123.72,0.00,164.94,0,0.00,0.00,8796.99,,0
W-0105,2026-03-30,192.17,2756.66,2491.55,-2564.49,0,0.00,0.00,3793.81,10.66,0
W-0105,2026-04-06,1138.53,373.29,238.40,765.24,1,59.92,1.99,3441.44,101.05,0
W-0105,2026-04-13,155.95,226.46,89.20,-70.51,0,0.00,0.00,3214.98,252.3,0
W-0105,2026-04-20,568.01,710.60,553.13,-142.59,0,0.00,0.00,2623.49,33.2,0
W-0105,2026-04-27,1215.07,2349.56,2200.38,-1134.49,0,0.00,0.00,3315.65,10.55,0
W-0105,2026-05-04,800.19,666.46,453.59,133.73,0,0.00,0.00,1946.82,30.04,0
W-0105,2026-05-11,632.87,678.66,300.72,-45.79,0,0.00,0.00,1200.51,27.94,0
W-0105,2026-05-18,1048.79,465.30,274.72,583.49,0,0.00,0.00,780.38,19.88,0
W-0105,2026-05-25,1161.04,451.50,427.30,709.54,0,0.00,0.00,6355.27,104.11,0
W-0105,2026-06-01,1175.10,2575.08,2277.74,-1399.98,1,87.95,4.40,8133.64,25.0,0
W-0105,2026-06-08,654.03,45.00,45.00,609.03,0,0.00,0.00,8620.05,1340.9,0
W-0105,2026-06-15,577.71,19.99,5.00,557.72,0,0.00,0.00,4285.39,5999.55,0
W-0105,2026-06-22,1276.45,92.58,60.00,1183.87,0,0.00,0.00,10808.14,1260.95,0
W-0105,2026-06-29,726.53,0.00,0.00,726.53,0,0.00,0.00,11368.36,,0
W-0106,2026-03-30,0.00,764.33,635.77,-764.33,0,0.00,0.00,3949.95,43.49,0
W-0106,2026-04-06,1049.83,668.38,581.70,381.45,0,0.00,0.00,1112.44,13.39,0
W-0106,2026-04-13,711.42,1345.48,1229.12,-634.06,0,0.00,0.00,3119.06,17.76,0
W-0106,2026-04-20,601.12,275.02,227.92,326.10,0,0.00,0.00,2844.04,87.35,0
W-0106,2026-04-27,873.94,579.11,540.70,294.83,0,0.00,0.00,2477.93,32.08,0
W-0106,2026-05-04,294.41,322.98,272.06,-28.57,0,0.00,0.00,6035.25,155.28,0
W-0106,2026-05-11,570.22,1263.39,1217.46,-693.17,0,0.00,0.00,4490.16,25.82,0
W-0106,2026-05-18,1439.95,326.94,196.61,1113.01,0,0.00,0.00,5603.50,199.5,0
W-0106,2026-05-25,749.31,496.72,467.14,252.59,0,0.00,0.00,1515.90,22.72,0
W-0106,2026-06-01,410.45,403.56,403.56,6.89,0,0.00,0.00,1201.33,20.84,0
W-0106,2026-06-08,1149.33,795.85,648.27,353.48,0,0.00,0.00,689.49,7.45,0
W-0106,2026-06-15,515.47,1208.42,983.97,-692.95,0,0.00,0.00,343.07,2.44,0
W-0106,2026-06-22,209.97,556.68,439.73,-346.71,0,0.00,0.00,4449.25,70.83,0
W-0106,2026-06-29,368.22,5.00,5.00,363.22,0,0.00,0.00,9006.25,12608.75,0
W-0107,2026-03-30,136.45,973.39,973.39,-836.94,0,0.00,0.00,4926.11,35.43,0
W-0107,2026-04-06,508.06,505.73,341.96,2.33,1,42.50,2.98,870.88,17.83,0
W-0107,2026-04-13,518.87,574.40,477.38,-55.53,0,0.00,0.00,3845.98,56.4,0
W-0107,2026-04-20,401.46,572.04,459.57,-170.58,1,53.57,0.00,3368.94,51.31,0
W-0107,2026-04-27,858.20,1466.56,1451.82,-608.36,0,0.00,0.00,2649.41,12.77,0
W-0107,2026-05-04,819.39,489.63,381.90,329.76,0,0.00,0.00,2275.75,41.71,0
W-0107,2026-05-11,515.40,244.16,172.03,271.24,0,0.00,0.00,4071.21,165.66,0
W-0107,2026-05-18,762.43,360.81,180.22,401.62,0,0.00,0.00,1670.78,64.9,0
W-0107,2026-05-25,539.71,502.44,380.08,37.27,0,0.00,0.00,1338.34,24.65,0
W-0107,2026-06-01,608.90,976.75,851.08,-367.85,0,0.00,0.00,1149.59,9.46,0
W-0107,2026-06-08,316.13,243.27,0.00,72.86,0,0.00,0.00,957.56,,0
W-0107,2026-06-15,593.32,614.09,456.01,-20.77,0,0.00,0.00,292.23,4.49,0
W-0107,2026-06-22,870.29,493.11,403.33,377.18,0,0.00,0.00,5396.50,93.66,0
W-0107,2026-06-29,310.52,0.00,0.00,310.52,0,0.00,0.00,7985.50,,0
W-0108,2026-03-30,476.18,794.11,646.00,-317.93,0,0.00,0.00,10144.45,109.92,0
W-0108,2026-04-06,755.28,685.08,484.53,70.20,0,0.00,0.00,1885.82,27.24,0
W-0108,2026-04-13,703.22,300.38,260.75,402.84,0,0.00,0.00,2096.84,56.29,0
W-0108,2026-04-20,952.95,461.42,297.15,491.53,1,68.77,2.06,2637.39,62.13,0
W-0108,2026-04-27,1079.11,1501.69,1442.73,-422.58,0,0.00,0.00,8052.88,39.07,0
W-0108,2026-05-04,991.15,548.75,476.46,442.40,2,183.62,1.99,7559.13,111.06,0
W-0108,2026-05-11,875.18,609.56,441.10,265.62,1,46.20,2.31,7045.57,111.81,0
W-0108,2026-05-18,980.83,114.24,85.76,866.59,0,0.00,0.00,6961.84,568.25,0
W-0108,2026-05-25,891.86,386.07,237.50,505.79,2,104.82,6.63,6605.26,194.68,0
W-0108,2026-06-01,1275.62,1272.37,992.91,3.25,0,0.00,0.00,6018.50,42.43,0
W-0108,2026-06-08,694.74,403.62,309.20,291.12,0,0.00,0.00,5630.27,127.46,0
W-0108,2026-06-15,984.13,549.83,226.63,434.30,0,0.00,0.00,5176.44,159.89,0
W-0108,2026-06-22,1011.27,463.52,342.63,547.75,0,0.00,0.00,12429.76,253.94,0
W-0108,2026-06-29,836.40,57.51,57.51,778.89,0,0.00,0.00,12863.56,1565.73,0
W-0109,2026-03-30,183.61,1162.58,1045.58,-978.97,0,0.00,0.00,6328.66,42.37,0
W-0109,2026-04-06,1065.79,359.28,301.10,706.51,0,0.00,0.00,1351.65,31.42,0
W-0109,2026-04-13,507.21,359.16,309.46,148.05,0,0.00,0.00,5620.21,127.13,0
W-0109,2026-04-20,475.14,373.64,260.96,101.50,0,0.00,0.00,5310.57,142.45,0
W-0109,2026-04-27,842.51,1510.73,1405.47,-668.22,0,0.00,0.00,4690.84,23.36,0
W-0109,2026-05-04,132.25,424.54,288.61,-292.29,0,0.00,0.00,4379.29,106.22,0
W-0109,2026-05-11,1124.56,208.97,170.04,915.59,0,0.00,0.00,4170.32,171.68,0
W-0109,2026-05-18,620.87,526.13,337.75,94.74,0,0.00,0.00,3708.19,76.85,0
W-0109,2026-05-25,1096.73,387.46,148.36,709.27,0,0.00,0.00,3320.73,156.68,0
W-0109,2026-06-01,859.95,1652.41,1381.81,-792.46,0,0.00,0.00,2672.31,13.54,0
W-0109,2026-06-08,533.52,283.19,165.74,250.33,0,0.00,0.00,2487.45,105.06,0
W-0109,2026-06-15,1083.23,634.14,502.55,449.09,0,0.00,0.00,1841.05,25.64,0
W-0109,2026-06-22,530.52,520.42,375.30,10.10,0,0.00,0.00,1298.56,24.22,0
W-0109,2026-06-29,195.75,131.87,131.87,63.88,0,0.00,0.00,1166.69,61.93,0
W-0110,2026-03-30,107.32,1303.61,1180.95,-1196.29,0,0.00,0.00,2414.51,14.31,0
W-0110,2026-04-06,408.77,271.16,271.16,137.61,0,0.00,0.00,2229.28,57.55,0
W-0110,2026-04-13,418.35,544.66,407.12,-126.31,0,0.00,0.00,1692.69,29.1,0
W-0110,2026-04-20,394.55,424.84,326.26,-30.29,0,0.00,0.00,1442.81,30.96,0
W-0110,2026-04-27,663.00,1251.82,1251.82,-588.82,0,0.00,0.00,1217.03,6.81,0
W-0110,2026-05-04,634.35,549.81,489.38,84.54,0,0.00,0.00,667.22,9.54,0
W-0110,2026-05-11,523.53,543.29,435.39,-19.76,0,0.00,0.00,237.76,3.82,0
W-0110,2026-05-18,399.88,273.83,217.05,126.05,0,0.00,0.00,3653.30,117.82,0
W-0110,2026-05-25,516.88,96.00,96.00,420.88,0,0.00,0.00,3888.46,283.53,0
W-0110,2026-06-01,477.86,1105.00,1105.00,-627.14,0,0.00,0.00,4767.11,30.2,0
W-0110,2026-06-08,423.65,99.00,99.00,324.65,0,0.00,0.00,-60.90,-4.31,1
W-0110,2026-06-15,628.37,51.22,0.00,577.15,0,0.00,0.00,5630.37,,0
W-0110,2026-06-22,406.77,96.00,96.00,310.77,0,0.00,0.00,6106.83,445.29,0
W-0110,2026-06-29,391.29,0.00,0.00,391.29,0,0.00,0.00,6498.12,,0
W-0111,2026-03-30,0.00,2090.43,1943.60,-2090.43,0,0.00,0.00,4996.14,17.99,0
W-0111,2026-04-06,926.24,797.22,643.10,129.02,0,0.00,0.00,4198.92,45.7,0
W-0111,2026-04-13,440.75,256.66,186.25,184.09,0,0.00,0.00,4015.70,150.93,0
W-0111,2026-04-20,477.02,686.60,629.65,-209.58,0,0.00,0.00,1787.59,19.87,0
W-0111,2026-04-27,655.69,1862.55,1752.77,-1206.86,0,0.00,0.00,3236.10,12.92,0
W-0111,2026-05-04,1549.88,308.26,308.26,1241.62,0,0.00,0.00,3024.50,68.68,0
W-0111,2026-05-11,855.29,199.56,199.56,655.73,0,0.00,0.00,2728.28,95.7,0
W-0111,2026-05-18,669.73,546.33,429.46,123.40,0,0.00,0.00,2395.21,39.04,0
W-0111,2026-05-25,1029.63,432.17,294.77,597.46,0,0.00,0.00,6807.15,161.65,0
W-0111,2026-06-01,1222.36,1895.96,1846.60,-673.60,0,0.00,0.00,7838.45,29.71,0
W-0111,2026-06-08,833.89,407.53,216.12,426.36,0,0.00,0.00,1289.28,41.76,0
W-0111,2026-06-15,671.07,496.83,416.75,174.24,0,0.00,0.00,938.45,15.76,0
W-0111,2026-06-22,718.26,524.66,162.08,193.60,0,0.00,0.00,536.09,23.15,0
W-0111,2026-06-29,736.81,109.20,65.90,627.61,0,0.00,0.00,10989.54,1167.33,0
W-0112,2026-03-30,744.55,394.40,355.26,350.15,0,0.00,0.00,6366.35,125.44,0
W-0112,2026-04-06,516.23,705.30,604.65,-189.07,0,0.00,0.00,6015.05,69.64,0
W-0112,2026-04-13,638.03,2061.55,1980.55,-1423.52,0,0.00,0.00,2308.03,8.16,0
W-0112,2026-04-20,779.21,359.38,303.86,419.83,0,0.00,0.00,3609.73,83.16,0
W-0112,2026-04-27,1517.69,764.86,685.58,752.83,0,0.00,0.00,4642.25,47.4,0
W-0112,2026-05-04,966.73,706.38,638.66,260.35,0,0.00,0.00,4289.87,47.02,0
W-0112,2026-05-11,528.96,2182.11,2122.74,-1653.15,0,0.00,0.00,6121.03,20.18,0
W-0112,2026-05-18,1851.33,561.49,426.80,1289.84,0,0.00,0.00,7786.04,127.7,0
W-0112,2026-05-25,826.99,427.87,251.46,399.12,0,0.00,0.00,2868.39,79.85,0
W-0112,2026-06-01,908.45,1001.52,866.86,-93.07,0,0.00,0.00,2283.87,18.44,0
W-0112,2026-06-08,1073.95,381.91,239.89,692.04,0,0.00,0.00,1932.85,56.4,0
W-0112,2026-06-15,740.77,2028.96,1992.10,-1288.19,0,0.00,0.00,1666.94,5.86,0
W-0112,2026-06-22,879.11,576.14,519.18,302.97,0,0.00,0.00,1046.85,14.11,0
W-0112,2026-06-29,983.41,175.80,175.80,807.61,0,0.00,0.00,13198.72,525.55,0
W-0113,2026-03-30,345.46,1600.34,1571.09,-1254.88,0,0.00,0.00,419.34,1.87,0
W-0113,2026-04-06,336.87,179.99,155.00,156.88,0,0.00,0.00,672.84,30.39,0
W-0113,2026-04-13,546.04,210.34,141.00,335.70,0,0.00,0.00,-63.13,-3.13,1
W-0113,2026-04-20,460.62,0.00,0.00,460.62,0,0.00,0.00,1762.87,,0
W-0113,2026-04-27,457.66,1418.00,1418.00,-960.34,0,0.00,0.00,1932.45,9.54,0
W-0113,2026-05-04,568.29,179.99,155.00,388.30,0,0.00,0.00,2788.82,125.95,0
W-0113,2026-05-11,221.44,136.00,136.00,85.44,0,0.00,0.00,2937.59,151.2,0
W-0113,2026-05-18,512.07,0.00,0.00,512.07,0,0.00,0.00,3522.33,,0
W-0113,2026-05-25,180.32,141.00,141.00,39.32,0,0.00,0.00,540.52,26.83,0
W-0113,2026-06-01,324.20,1306.99,1282.00,-982.79,0,0.00,0.00,193.55,1.06,0
W-0113,2026-06-08,289.90,291.00,291.00,-1.10,1,27.49,1.99,4316.75,103.84,0
W-0113,2026-06-15,515.78,0.00,0.00,515.78,0,0.00,0.00,4832.53,,0
W-0113,2026-06-22,548.49,200.83,141.00,347.66,0,0.00,0.00,-132.96,-6.6,1
W-0113,2026-06-29,150.50,0.00,0.00,150.50,0,0.00,0.00,5531.52,,0
W-0114,2026-03-30,115.12,1744.20,1677.39,-1629.08,0,0.00,0.00,374.26,1.56,0
W-0114,2026-04-06,668.09,501.87,416.55,166.22,0,0.00,0.00,1193.49,20.06,0
W-0114,2026-04-13,509.99,868.03,756.10,-358.04,0,0.00,0.00,1609.56,14.9,0
W-0114,2026-04-20,601.96,271.04,167.73,330.92,0,0.00,0.00,98.49,4.11,0
W-0114,2026-04-27,613.98,1764.51,1740.74,-1150.53,1,80.35,0.00,2840.18,11.42,0
W-0114,2026-05-04,580.20,0.00,0.00,580.20,0,0.00,0.00,3238.40,,0
W-0114,2026-05-11,627.66,94.58,76.00,533.08,1,32.76,1.99,-125.60,-11.57,1
W-0114,2026-05-18,410.54,0.00,0.00,410.54,0,0.00,0.00,4276.60,,0
W-0114,2026-05-25,332.69,246.34,149.00,86.35,0,0.00,0.00,4743.36,222.84,0
W-0114,2026-06-01,275.77,1410.00,1410.00,-1134.23,0,0.00,0.00,4822.49,23.94,0
W-0114,2026-06-08,704.61,76.00,76.00,628.61,1,43.91,3.07,5589.67,514.84,0
W-0114,2026-06-15,184.20,0.00,0.00,184.20,0,0.00,0.00,5662.50,,0
W-0114,2026-06-22,794.69,149.00,149.00,645.69,0,0.00,0.00,6829.36,320.84,0
W-0114,2026-06-29,334.07,5.00,5.00,329.07,0,0.00,0.00,6902.63,9663.68,0
W-0115,2026-03-30,366.05,2574.42,2395.35,-2208.37,1,77.77,2.33,3350.23,9.79,0
W-0115,2026-04-06,605.34,838.91,806.66,-233.57,0,0.00,0.00,180.90,1.57,0
W-0115,2026-04-13,683.06,203.55,116.84,479.51,0,0.00,0.00,1984.83,118.91,0
W-0115,2026-04-20,859.62,0.00,0.00,859.62,0,0.00,0.00,2449.06,,0
W-0115,2026-04-27,510.92,1931.73,1906.00,-1420.81,0,0.00,0.00,3158.83,11.6,0
W-0115,2026-05-04,722.06,835.73,759.00,-113.67,1,42.65,1.99,3585.67,33.07,0
W-0115,2026-05-11,342.60,5.00,5.00,337.60,0,0.00,0.00,3991.06,5587.48,0
W-0115,2026-05-18,893.04,15.50,0.00,877.54,0,0.00,0.00,5116.53,,0
W-0115,2026-05-25,676.09,105.00,105.00,571.09,2,121.38,5.52,5792.62,386.17,0
W-0115,2026-06-01,506.42,2565.00,2565.00,-2058.58,0,0.00,0.00,6123.45,16.71,0
W-0115,2026-06-08,1159.21,0.00,0.00,1159.21,0,0.00,0.00,7458.25,,0
W-0115,2026-06-15,578.38,0.00,0.00,578.38,0,0.00,0.00,8036.63,,0
W-0115,2026-06-22,581.72,105.00,105.00,476.72,0,0.00,0.00,8393.04,559.54,0
W-0115,2026-06-29,410.88,0.00,0.00,410.88,0,0.00,0.00,8803.28,,0
W-0116,2026-03-30,623.96,1456.08,1388.15,-832.12,0,0.00,0.00,9957.05,50.21,0
W-0116,2026-04-06,744.33,211.16,211.16,533.17,0,0.00,0.00,1997.36,66.21,0
W-0116,2026-04-13,1365.38,447.77,202.67,917.61,0,0.00,0.00,9468.89,327.05,0
W-0116,2026-04-20,817.64,250.29,57.00,567.35,0,0.00,0.00,9187.23,1128.26,0
W-0116,2026-04-27,609.22,1679.50,1593.34,-1070.28,0,0.00,0.00,8832.33,38.8,0
W-0116,2026-05-04,1510.60,569.18,479.80,941.42,0,0.00,0.00,8295.55,121.03,0
W-0116,2026-05-11,1660.83,58.58,12.43,1602.25,0,0.00,0.00,7963.78,4484.83,0
W-0116,2026-05-18,1154.70,464.34,318.10,690.36,0,0.00,0.00,7856.02,172.88,0
W-0116,2026-05-25,1585.54,289.23,226.08,1296.31,0,0.00,0.00,7560.39,234.09,0
W-0116,2026-06-01,710.18,1632.07,1491.35,-921.89,0,0.00,0.00,7206.32,33.82,0
W-0116,2026-06-08,475.06,762.63,591.62,-287.57,0,0.00,0.00,6522.69,77.18,0
W-0116,2026-06-15,670.72,397.78,358.33,272.94,0,0.00,0.00,6144.90,120.04,0
W-0116,2026-06-22,1948.42,437.72,405.29,1510.70,0,0.00,0.00,5764.18,99.56,0
W-0116,2026-06-29,155.14,263.62,237.72,-108.48,0,0.00,0.00,5500.56,161.97,0
W-0117,2026-03-30,223.48,1428.16,1374.59,-1204.68,0,0.00,0.00,3548.36,18.07,0
W-0117,2026-04-06,353.71,684.56,582.14,-330.85,0,0.00,0.00,3137.63,37.73,0
W-0117,2026-04-13,992.32,1102.18,1076.27,-109.86,0,0.00,0.00,2283.20,14.85,0
W-0117,2026-04-20,584.76,624.42,450.19,-39.66,0,0.00,0.00,1581.20,24.59,0
W-0117,2026-04-27,824.83,1531.17,1429.26,-706.34,0,0.00,0.00,1110.03,5.44,0
W-0117,2026-05-04,551.49,581.50,243.05,-30.01,0,0.00,0.00,607.52,17.5,0
W-0117,2026-05-11,590.48,753.29,578.79,-162.81,0,0.00,0.00,4201.98,50.82,0
W-0117,2026-05-18,889.01,473.16,394.72,415.85,0,0.00,0.00,4479.17,79.43,0
W-0117,2026-05-25,473.00,118.64,91.00,354.36,0,0.00,0.00,-286.56,-22.04,1
W-0117,2026-06-01,477.61,998.15,974.00,-520.54,0,0.00,0.00,5650.09,40.61,0
W-0117,2026-06-08,569.99,0.00,0.00,569.99,0,0.00,0.00,6435.95,,0
W-0117,2026-06-15,621.70,462.21,449.00,159.49,0,0.00,0.00,7323.26,114.17,0
W-0117,2026-06-22,1035.09,86.00,86.00,949.09,0,0.00,0.00,8268.38,673.01,0
W-0117,2026-06-29,246.14,0.00,0.00,246.14,0,0.00,0.00,8514.52,,0
W-0118,2026-03-30,0.00,1174.85,1174.85,-1174.85,1,45.78,3.20,7828.63,46.64,0
W-0118,2026-04-06,232.46,242.98,88.42,-10.52,0,0.00,0.00,7585.65,600.54,0
W-0118,2026-04-13,923.26,847.93,729.26,75.33,0,0.00,0.00,7287.55,69.95,0
W-0118,2026-04-20,563.98,562.04,512.02,1.94,0,0.00,0.00,6793.27,92.87,0
W-0118,2026-04-27,519.30,1321.48,1177.83,-802.18,0,0.00,0.00,6388.20,37.97,0
W-0118,2026-05-04,1501.15,292.03,250.27,1209.12,1,89.04,4.45,4183.80,117.02,0
W-0118,2026-05-11,1322.59,861.63,726.15,460.96,0,0.00,0.00,5760.54,55.53,0
W-0118,2026-05-18,1573.56,513.76,395.68,1059.80,0,0.00,0.00,5260.82,93.07,0
W-0118,2026-05-25,1524.35,706.88,617.46,817.47,1,43.66,1.99,4680.90,53.07,0
W-0118,2026-06-01,1161.26,1124.28,1038.35,36.98,1,96.99,0.00,9544.49,64.34,0
W-0118,2026-06-08,919.93,455.04,312.20,464.89,1,68.66,2.06,4157.58,93.22,0
W-0118,2026-06-15,1676.28,786.81,529.44,889.47,1,73.78,3.69,12140.70,160.52,0
W-0118,2026-06-22,297.83,747.50,629.74,-449.67,1,63.71,4.46,3101.27,34.47,0
W-0118,2026-06-29,299.95,133.80,88.82,166.15,0,0.00,0.00,2967.47,233.87,0
W-0119,2026-03-30,230.18,541.29,405.53,-311.11,0,0.00,0.00,6819.48,117.71,0
W-0119,2026-04-06,541.71,782.64,628.01,-240.93,0,0.00,0.00,5219.55,58.18,0
W-0119,2026-04-13,756.56,944.14,944.14,-187.58,0,0.00,0.00,1601.66,11.87,0
W-0119,2026-04-20,782.51,740.34,389.88,42.17,0,0.00,0.00,4474.68,80.34,0
W-0119,2026-04-27,980.83,482.66,183.45,498.17,0,0.00,0.00,3677.95,140.34,0
W-0119,2026-05-04,735.33,829.23,386.12,-93.90,0,0.00,0.00,3318.06,60.15,0
W-0119,2026-05-11,523.94,1242.24,1169.62,-718.30,0,0.00,0.00,4769.83,28.55,0
W-0119,2026-05-18,674.13,605.26,384.36,68.87,0,0.00,0.00,2247.68,40.93,0
W-0119,2026-05-25,676.99,942.72,760.32,-265.73,0,0.00,0.00,1353.90,12.46,0
W-0119,2026-06-01,288.06,519.18,318.23,-231.12,0,0.00,0.00,877.78,19.31,0
W-0119,2026-06-08,655.67,502.78,317.57,152.89,0,0.00,0.00,467.00,10.29,0
W-0119,2026-06-15,759.95,1314.85,1171.08,-554.90,0,0.00,0.00,223.87,1.34,0
W-0119,2026-06-22,1273.97,0.00,0.00,1273.97,0,0.00,0.00,8579.28,,0
W-0119,2026-06-29,344.88,0.00,0.00,344.88,1,101.47,3.04,9443.48,,0
W-0120,2026-03-30,349.92,967.58,939.39,-617.66,0,0.00,0.00,925.70,6.9,0
W-0120,2026-04-06,589.76,504.45,320.98,85.31,0,0.00,0.00,2669.09,58.21,0
W-0120,2026-04-13,445.40,1022.30,973.03,-576.90,0,0.00,0.00,2297.79,16.53,0
W-0120,2026-04-20,601.67,482.05,277.24,119.62,0,0.00,0.00,1815.74,45.85,0
W-0120,2026-04-27,478.10,1738.53,1432.36,-1260.43,0,0.00,0.00,999.28,4.88,0
W-0120,2026-05-04,537.84,657.61,553.38,-119.77,0,0.00,0.00,518.69,6.56,0
W-0120,2026-05-11,877.91,914.64,688.11,-36.73,0,0.00,0.00,151.96,1.55,0
W-0120,2026-05-18,636.21,264.71,195.52,371.50,0,0.00,0.00,4839.07,173.25,0
W-0120,2026-05-25,329.73,0.00,0.00,329.73,0,0.00,0.00,5291.76,,0
W-0120,2026-06-01,891.91,891.89,880.00,0.02,0,0.00,0.00,-81.64,-0.65,1
W-0120,2026-06-08,458.25,169.00,169.00,289.25,0,0.00,0.00,6834.38,283.08,0
W-0120,2026-06-15,474.28,676.03,661.00,-201.75,0,0.00,0.00,-106.67,-1.13,1
W-0120,2026-06-22,657.94,0.00,0.00,657.94,0,0.00,0.00,7919.08,,0
W-0120,2026-06-29,407.98,0.00,0.00,407.98,0,0.00,0.00,7802.15,,0
W-0121,2026-03-30,0.00,1319.60,1170.37,-1319.60,0,0.00,0.00,3769.53,22.55,0
W-0121,2026-04-06,910.50,338.17,221.31,572.33,0,0.00,0.00,3408.75,107.82,0
W-0121,2026-04-13,332.14,965.58,734.04,-633.44,0,0.00,0.00,2941.17,28.05,0
W-0121,2026-04-20,604.23,138.83,5.18,465.40,0,0.00,0.00,2802.34,3786.95,0
W-0121,2026-04-27,461.56,1147.08,1070.38,-685.52,0,0.00,0.00,2454.26,16.05,0
W-0121,2026-05-04,1061.27,588.55,488.55,472.72,0,0.00,0.00,2152.25,30.84,0
W-0121,2026-05-11,532.86,742.61,607.23,-209.75,0,0.00,0.00,1843.39,21.25,0
W-0121,2026-05-18,333.74,357.66,136.57,-23.92,0,0.00,0.00,4439.09,227.53,0
W-0121,2026-05-25,639.45,210.88,182.87,428.57,0,0.00,0.00,5389.01,206.28,0
W-0121,2026-06-01,663.59,1313.00,1180.30,-649.41,0,0.00,0.00,913.55,5.42,0
W-0121,2026-06-08,1170.02,257.93,123.84,912.09,0,0.00,0.00,7180.56,405.88,0
W-0121,2026-06-15,675.05,787.90,710.29,-112.85,0,0.00,0.00,392.71,3.87,0
W-0121,2026-06-22,623.27,465.30,340.92,157.97,0,0.00,0.00,8365.83,171.77,0
W-0121,2026-06-29,194.67,5.00,5.00,189.67,0,0.00,0.00,8560.50,11984.7,0
W-0122,2026-03-30,443.87,988.68,963.20,-544.81,0,0.00,0.00,761.44,5.53,0
W-0122,2026-04-06,1006.28,348.78,250.18,657.50,0,0.00,0.00,8554.41,239.35,0
W-0122,2026-04-13,646.42,427.20,130.80,219.22,0,0.00,0.00,8127.21,434.94,0
W-0122,2026-04-20,1113.35,445.50,279.60,667.85,0,0.00,0.00,3527.49,88.31,0
W-0122,2026-04-27,466.85,980.95,980.95,-514.10,0,0.00,0.00,7436.76,53.07,0
W-0122,2026-05-04,805.74,431.06,295.25,374.68,0,0.00,0.00,9229.87,218.83,0
W-0122,2026-05-11,449.65,792.82,628.61,-343.17,0,0.00,0.00,6296.88,70.12,0
W-0122,2026-05-18,1866.93,452.44,318.46,1414.49,0,0.00,0.00,5844.44,128.47,0
W-0122,2026-05-25,721.66,570.99,369.09,150.67,0,0.00,0.00,5347.45,101.42,0
W-0122,2026-06-01,1123.23,1329.14,1216.26,-205.91,0,0.00,0.00,4983.07,28.68,0
W-0122,2026-06-08,610.84,403.92,355.22,206.92,0,0.00,0.00,4392.80,86.56,0
W-0122,2026-06-15,884.14,283.55,174.60,600.59,0,0.00,0.00,10276.54,412.0,0
W-0122,2026-06-22,572.42,1077.60,911.86,-505.18,0,0.00,0.00,10837.22,83.19,0
W-0122,2026-06-29,576.92,73.40,73.40,503.52,0,0.00,0.00,11407.02,1087.86,0
W-0123,2026-03-30,502.68,2380.17,2380.17,-1877.49,0,0.00,0.00,703.28,2.07,0
W-0123,2026-04-06,446.81,380.33,229.08,66.48,0,0.00,0.00,322.95,9.87,0
W-0123,2026-04-13,754.76,354.29,267.51,400.47,0,0.00,0.00,1405.37,36.77,0
W-0123,2026-04-20,595.80,84.00,84.00,511.80,0,0.00,0.00,2140.29,178.36,0
W-0123,2026-04-27,215.33,1730.00,1730.00,-1514.67,0,0.00,0.00,1569.45,6.35,0
W-0123,2026-05-04,273.21,10.00,10.00,263.21,0,0.00,0.00,2913.38,2039.37,0
W-0123,2026-05-11,667.84,0.00,0.00,667.84,0,0.00,0.00,3746.67,,0
W-0123,2026-05-18,988.85,79.00,79.00,909.85,0,0.00,0.00,4575.83,405.45,0
W-0123,2026-05-25,734.74,48.00,48.00,686.74,0,0.00,0.00,5208.96,759.64,0
W-0123,2026-06-01,170.59,1687.00,1687.00,-1516.41,0,0.00,0.00,5379.55,22.32,0
W-0123,2026-06-08,334.63,10.00,10.00,324.63,0,0.00,0.00,-61.34,-42.94,1
W-0123,2026-06-15,289.48,79.00,79.00,210.48,0,0.00,0.00,5848.27,518.2,0
W-0123,2026-06-22,574.14,97.34,48.00,476.80,0,0.00,0.00,6699.83,977.06,0
W-0123,2026-06-29,250.65,0.00,0.00,250.65,0,0.00,0.00,6828.45,,0
W-0124,2026-03-30,538.14,1389.62,1334.51,-851.48,0,0.00,0.00,5265.31,27.62,0
W-0124,2026-04-06,608.52,329.78,279.69,278.74,0,0.00,0.00,5027.52,125.83,0
W-0124,2026-04-13,1022.20,601.82,525.56,420.38,0,0.00,0.00,4425.70,58.95,0
W-0124,2026-04-20,730.99,510.19,397.73,220.80,0,0.00,0.00,3096.23,54.49,0
W-0124,2026-04-27,444.70,1760.48,1565.04,-1315.78,0,0.00,0.00,3513.26,15.71,0
W-0124,2026-05-04,765.00,182.16,160.07,582.84,0,0.00,0.00,4305.93,188.3,0
W-0124,2026-05-11,585.51,426.79,190.89,158.72,0,0.00,0.00,5039.29,184.79,0
W-0124,2026-05-18,767.19,604.02,408.93,163.17,0,0.00,0.00,2329.05,39.87,0
W-0124,2026-05-25,905.08,911.28,760.46,-6.20,0,0.00,0.00,1417.77,13.05,0
W-0124,2026-06-01,704.79,1824.97,1685.49,-1120.18,0,0.00,0.00,5389.90,22.38,0
W-0124,2026-06-08,734.89,394.24,229.09,340.65,0,0.00,0.00,585.55,17.89,0
W-0124,2026-06-15,451.80,240.31,182.03,211.49,0,0.00,0.00,345.24,13.28,0
W-0124,2026-06-22,778.03,394.08,336.80,383.95,0,0.00,0.00,9233.22,191.9,0
W-0124,2026-06-29,287.68,0.00,0.00,287.68,0,0.00,0.00,9354.55,,0
W-0125,2026-03-30,274.94,2194.15,2090.23,-1919.21,0,0.00,0.00,702.02,2.35,0
W-0125,2026-04-06,334.54,566.72,386.27,-232.18,0,0.00,0.00,182.98,3.32,0
W-0125,2026-04-13,565.82,402.26,377.61,163.56,0,0.00,0.00,1308.25,24.25,0
W-0125,2026-04-20,698.57,35.87,0.00,662.70,1,61.89,1.99,-45.83,,1
W-0125,2026-04-27,869.21,1893.14,1880.00,-1023.93,0,0.00,0.00,3264.13,12.15,0
W-0125,2026-05-04,758.32,117.99,98.00,640.33,1,62.47,0.00,3818.89,272.78,0
W-0125,2026-05-11,423.71,257.00,257.00,166.71,0,0.00,0.00,4406.23,120.01,0
W-0125,2026-05-18,523.93,38.53,0.00,485.40,0,0.00,0.00,4873.80,,0
W-0125,2026-05-25,578.01,178.00,178.00,400.01,0,0.00,0.00,5466.86,214.99,0
W-0125,2026-06-01,351.00,1847.78,1800.00,-1496.78,0,0.00,0.00,-135.29,-0.53,1
W-0125,2026-06-08,507.09,257.00,257.00,250.09,0,0.00,0.00,6024.80,164.1,0
W-0125,2026-06-15,570.51,49.36,0.00,521.15,1,70.67,4.95,6481.96,,0
W-0125,2026-06-22,611.93,178.00,178.00,433.93,0,0.00,0.00,7385.07,290.42,0
W-0125,2026-06-29,446.08,0.00,0.00,446.08,0,0.00,0.00,7609.41,,0
W-0126,2026-03-30,258.80,2286.68,2246.45,-2027.88,0,0.00,0.00,7502.26,23.38,0
W-0126,2026-04-06,938.70,158.86,96.05,779.84,0,0.00,0.00,7343.40,535.18,0
W-0126,2026-04-13,268.07,1549.28,1490.84,-1281.21,0,0.00,0.00,6408.11,30.09,0
W-0126,2026-04-20,485.15,527.76,298.63,-42.61,0,0.00,0.00,5880.35,137.84,0
W-0126,2026-04-27,1247.59,2039.11,1883.85,-791.52,0,0.00,0.00,5709.26,21.21,0
W-0126,2026-05-04,1076.42,559.62,446.40,516.80,0,0.00,0.00,5225.62,81.94,0
W-0126,2026-05-11,1701.61,1047.15,1027.16,654.46,0,0.00,0.00,4706.46,32.07,0
W-0126,2026-05-18,858.53,555.53,465.14,303.00,1,26.75,1.99,4236.93,63.76,0
W-0126,2026-05-25,2241.25,193.61,144.83,2047.64,0,0.00,0.00,9502.51,459.28,0
W-0126,2026-06-01,1410.80,2577.38,2519.27,-1166.58,0,0.00,0.00,3409.94,9.47,0
W-0126,2026-06-08,1433.91,253.04,131.89,1180.87,2,135.11,9.46,3156.90,167.55,0
W-0126,2026-06-15,1351.08,1075.04,973.59,276.04,0,0.00,0.00,13927.31,100.14,0
W-0126,2026-06-22,668.41,449.24,308.92,219.17,0,0.00,0.00,2246.61,50.91,0
W-0126,2026-06-29,1152.20,37.05,0.00,1115.15,0,0.00,0.00,15518.91,,0
W-0127,2026-03-30,135.83,80.00,80.00,55.83,0,0.00,0.00,393.69,34.45,0
W-0127,2026-04-06,1091.33,813.00,813.00,278.33,0,0.00,0.00,1485.02,12.79,0
W-0127,2026-04-13,428.50,2018.38,1918.00,-1589.88,0,0.00,0.00,1619.23,5.91,0
W-0127,2026-04-20,615.66,167.00,167.00,448.66,0,0.00,0.00,2274.21,95.33,0
W-0127,2026-04-27,422.12,80.00,80.00,342.12,0,0.00,0.00,2951.30,258.24,0
W-0127,2026-05-04,602.85,808.00,808.00,-205.15,0,0.00,0.00,3554.15,30.79,0
W-0127,2026-05-11,607.26,1929.42,1843.00,-1322.16,0,0.00,0.00,4769.15,18.11,0
W-0127,2026-05-18,885.95,83.00,83.00,802.95,0,0.00,0.00,5047.36,425.68,0
W-0127,2026-05-25,505.58,84.00,84.00,421.58,0,0.00,0.00,5265.72,438.81,0
W-0127,2026-06-01,650.21,813.00,813.00,-162.79,2,113.23,1.99,6020.40,51.84,0
W-0127,2026-06-08,641.36,50.45,0.00,590.91,2,174.23,4.39,6648.97,,0
W-0127,2026-06-15,372.53,1838.00,1838.00,-1465.47,0,0.00,0.00,7217.04,27.49,0
W-0127,2026-06-22,544.86,167.00,167.00,377.86,0,0.00,0.00,7986.40,334.76,0
W-0127,2026-06-29,683.25,0.00,0.00,683.25,0,0.00,0.00,8107.82,,0
W-0128,2026-03-30,276.06,1692.00,1692.00,-1415.94,0,0.00,0.00,389.73,1.61,0
W-0128,2026-04-06,618.26,639.99,630.00,-21.73,0,0.00,0.00,1024.89,11.39,0
W-0128,2026-04-13,370.78,5.00,5.00,365.78,0,0.00,0.00,1495.52,2093.73,0
W-0128,2026-04-20,739.11,524.26,424.00,214.85,0,0.00,0.00,2028.76,33.49,0
W-0128,2026-04-27,542.52,1692.00,1692.00,-1149.48,0,0.00,0.00,2685.20,11.11,0
W-0128,2026-05-04,565.84,639.99,630.00,-74.15,0,0.00,0.00,-850.12,-9.45,1
W-0128,2026-05-11,462.29,0.00,0.00,462.29,0,0.00,0.00,3805.28,,0
W-0128,2026-05-18,706.29,153.99,153.99,552.30,0,0.00,0.00,4773.90,217.01,0
W-0128,2026-05-25,758.58,278.00,278.00,480.58,0,0.00,0.00,5270.15,132.7,0
W-0128,2026-06-01,375.03,2334.45,2322.00,-1959.42,0,0.00,0.00,-239.14,-0.72,1
W-0128,2026-06-08,422.88,34.50,5.00,388.38,0,0.00,0.00,-1010.32,-1414.45,1
W-0128,2026-06-15,279.94,212.70,156.00,67.24,0,0.00,0.00,-1072.02,-48.1,1
W-0128,2026-06-22,637.90,278.00,278.00,359.90,0,0.00,0.00,6985.90,175.9,0
W-0128,2026-06-29,421.96,0.00,0.00,421.96,0,0.00,0.00,7407.86,,0
W-0129,2026-03-30,499.77,232.06,226.23,267.71,0,0.00,0.00,2783.49,86.13,0
W-0129,2026-04-06,679.32,1043.50,671.04,-364.18,0,0.00,0.00,1759.98,18.36,0
W-0129,2026-04-13,426.55,1430.33,1369.92,-1003.78,0,0.00,0.00,1465.65,7.49,0
W-0129,2026-04-20,677.49,294.00,211.99,383.49,0,0.00,0.00,1256.65,41.5,0
W-0129,2026-04-27,509.00,476.14,324.96,32.86,0,0.00,0.00,822.51,17.72,0
W-0129,2026-05-04,787.97,607.89,459.02,180.08,0,0.00,0.00,234.61,3.58,0
W-0129,2026-05-11,614.15,1492.09,1420.04,-877.94,0,0.00,0.00,4550.52,22.43,0
W-0129,2026-05-18,423.67,0.00,0.00,423.67,0,0.00,0.00,4763.32,,0
W-0129,2026-05-25,354.80,85.00,85.00,269.80,0,0.00,0.00,5118.12,421.49,0
W-0129,2026-06-01,517.33,47.00,47.00,470.33,0,0.00,0.00,5635.45,839.32,0
W-0129,2026-06-08,201.71,24.99,5.00,176.72,0,0.00,0.00,5740.10,8036.14,0
W-0129,2026-06-15,516.03,1136.00,1136.00,-619.97,0,0.00,0.00,6545.25,40.33,0
W-0129,2026-06-22,344.12,85.00,85.00,259.12,0,0.00,0.00,6697.31,551.54,0
W-0129,2026-06-29,125.21,20.95,0.00,104.26,0,0.00,0.00,6822.52,,0
W-0130,2026-03-30,0.00,1223.84,1135.58,-1223.84,0,0.00,0.00,2415.99,14.89,0
W-0130,2026-04-06,670.80,1037.52,981.23,-366.72,0,0.00,0.00,2000.47,14.27,0
W-0130,2026-04-13,783.93,566.13,406.60,217.80,0,0.00,0.00,1579.64,27.19,0
W-0130,2026-04-20,890.32,334.90,299.03,555.42,0,0.00,0.00,1259.44,29.48,0
W-0130,2026-04-27,715.45,1314.94,1196.00,-599.49,0,0.00,0.00,1140.50,6.68,0
W-0130,2026-05-04,818.27,775.59,726.65,42.68,1,74.89,2.25,4210.15,40.56,0
W-0130,2026-05-11,645.49,743.47,412.95,-97.98,0,0.00,0.00,403.44,6.84,0
W-0130,2026-05-18,245.91,372.24,88.34,-126.33,0,0.00,0.00,31.20,2.47,0
W-0130,2026-05-25,1334.94,231.11,231.11,1103.83,0,0.00,0.00,6436.49,194.95,0
W-0130,2026-06-01,327.20,1626.00,1626.00,-1298.80,0,0.00,0.00,6579.99,28.33,0
W-0130,2026-06-08,395.14,105.72,54.00,289.42,0,0.00,0.00,-113.63,-14.73,1
W-0130,2026-06-15,239.89,160.00,160.00,79.89,0,0.00,0.00,7289.90,318.93,0
W-0130,2026-06-22,996.63,143.00,143.00,853.63,0,0.00,0.00,8395.35,410.96,0
W-0130,2026-06-29,120.48,0.00,0.00,120.48,0,0.00,0.00,8515.83,,0
W-0131,2026-03-30,349.98,1859.41,1690.87,-1509.43,0,0.00,0.00,560.21,2.32,0
W-0131,2026-04-06,525.52,425.80,377.89,99.72,1,56.42,1.99,919.23,17.03,0
W-0131,2026-04-13,179.17,109.30,41.00,69.87,1,26.95,1.99,1226.63,209.42,0
W-0131,2026-04-20,503.21,313.62,283.00,189.59,1,88.33,2.65,-36.16,-0.89,1
W-0131,2026-04-27,447.03,1315.00,1315.00,-867.97,0,0.00,0.00,2048.64,10.91,0
W-0131,2026-05-04,444.28,5.00,5.00,439.28,0,0.00,0.00,2492.92,3490.09,0
W-0131,2026-05-11,358.99,41.00,41.00,317.99,1,59.81,4.19,2657.90,453.79,0
W-0131,2026-05-18,576.16,134.00,134.00,442.16,0,0.00,0.00,3532.21,184.52,0
W-0131,2026-05-25,372.65,154.00,154.00,218.65,1,55.92,2.80,3800.72,172.76,0
W-0131,2026-06-01,286.33,1310.00,1310.00,-1023.67,0,0.00,0.00,4087.05,21.84,0
W-0131,2026-06-08,458.17,83.20,41.00,374.97,0,0.00,0.00,1886.97,322.17,0
W-0131,2026-06-15,483.98,134.00,134.00,349.98,1,61.12,1.99,1037.97,54.22,0
W-0131,2026-06-22,268.99,154.00,154.00,114.99,1,40.86,2.04,-98.36,-4.47,1
W-0131,2026-06-29,641.78,0.00,0.00,641.78,1,78.45,5.49,5939.97,,0
W-0132,2026-03-30,162.64,1332.32,1228.06,-1169.68,0,0.00,0.00,6189.05,35.28,0
W-0132,2026-04-06,614.55,733.04,557.50,-118.49,0,0.00,0.00,5476.00,68.76,0
W-0132,2026-04-13,501.36,527.77,278.05,-26.41,0,0.00,0.00,4948.23,124.57,0
W-0132,2026-04-20,709.17,478.25,303.06,230.92,0,0.00,0.00,2436.59,56.28,0
W-0132,2026-04-27,710.77,1119.70,1062.43,-408.93,0,0.00,0.00,4372.28,28.81,0
W-0132,2026-05-04,921.94,475.42,344.59,446.52,0,0.00,0.00,3929.98,79.83,0
W-0132,2026-05-11,563.57,445.55,320.08,118.02,1,59.19,4.14,3562.30,77.91,0
W-0132,2026-05-18,798.43,430.79,295.99,367.64,0,0.00,0.00,5444.47,128.76,0
W-0132,2026-05-25,630.60,502.25,366.56,128.35,0,0.00,0.00,2714.65,51.84,0
W-0132,2026-06-01,530.89,1422.07,1272.39,-891.18,0,0.00,0.00,2320.19,12.76,0
W-0132,2026-06-08,1216.61,383.44,102.81,833.17,0,0.00,0.00,1956.74,133.23,0
W-0132,2026-06-15,671.89,376.54,254.11,295.35,0,0.00,0.00,1580.20,43.53,0
W-0132,2026-06-22,757.33,682.67,558.95,74.66,1,56.09,1.99,897.53,11.24,0
W-0132,2026-06-29,708.04,131.20,131.20,576.84,0,0.00,0.00,9807.34,523.26,0
W-0133,2026-03-30,399.52,2095.66,2016.39,-1696.14,2,128.39,4.78,5136.09,17.83,0
W-0133,2026-04-06,877.00,391.91,266.67,485.09,1,72.08,2.16,1838.06,48.25,0
W-0133,2026-04-13,1151.38,586.05,457.47,565.33,0,0.00,0.00,4443.13,67.99,0
W-0133,2026-04-20,552.76,245.86,102.53,306.90,0,0.00,0.00,4273.27,291.75,0
W-0133,2026-04-27,677.56,1970.68,1868.84,-1293.12,0,0.00,0.00,3941.59,14.76,0
W-0133,2026-05-04,766.76,288.28,174.57,478.48,0,0.00,0.00,3653.31,146.49,0
W-0133,2026-05-11,1845.22,746.20,553.49,1099.02,0,0.00,0.00,6525.44,82.53,0
W-0133,2026-05-18,414.54,514.18,279.78,-99.64,1,93.07,4.65,7046.55,176.3,0
W-0133,2026-05-25,883.17,753.23,552.08,129.94,0,0.00,0.00,2000.70,25.37,0
W-0133,2026-06-01,554.46,1942.93,1855.00,-1388.47,1,93.91,2.82,8232.56,31.07,0
W-0133,2026-06-08,670.98,416.32,307.50,254.66,0,0.00,0.00,1280.45,29.15,0
W-0133,2026-06-15,925.58,692.43,584.80,233.15,0,0.00,0.00,952.25,11.4,0
W-0133,2026-06-22,1177.05,187.11,187.11,989.94,0,0.00,0.00,11462.24,428.82,0
W-0133,2026-06-29,441.53,49.61,49.61,391.92,0,0.00,0.00,11266.18,1589.66,0
W-0134,2026-03-30,255.98,1969.59,1915.93,-1713.61,0,0.00,0.00,1298.48,4.74,0
W-0134,2026-04-06,834.15,376.26,270.47,457.89,0,0.00,0.00,1079.14,27.93,0
W-0134,2026-04-13,600.16,934.43,806.10,-334.27,0,0.00,0.00,1760.09,15.28,0
W-0134,2026-04-20,631.05,560.87,418.91,70.18,0,0.00,0.00,147.31,2.46,0
W-0134,2026-04-27,912.16,1525.51,1494.38,-613.35,0,0.00,0.00,3303.30,15.47,0
W-0134,2026-05-04,401.99,182.00,182.00,219.99,0,0.00,0.00,3575.69,137.53,0
W-0134,2026-05-11,999.34,629.00,629.00,370.34,0,0.00,0.00,4516.12,50.26,0
W-0134,2026-05-18,271.69,0.00,0.00,271.69,0,0.00,0.00,5066.07,,0
W-0134,2026-05-25,332.90,0.00,0.00,332.90,0,0.00,0.00,5215.57,,0
W-0134,2026-06-01,743.57,1452.00,1452.00,-708.43,0,0.00,0.00,5966.80,28.77,0
W-0134,2026-06-08,964.32,170.16,113.00,794.16,0,0.00,0.00,7017.11,434.69,0
W-0134,2026-06-15,483.77,629.00,629.00,-145.23,0,0.00,0.00,7362.76,81.94,0
W-0134,2026-06-22,232.23,0.00,0.00,232.23,0,0.00,0.00,7490.14,,0
W-0134,2026-06-29,633.35,0.00,0.00,633.35,0,0.00,0.00,8366.46,,0
W-0135,2026-03-30,980.82,222.13,222.13,758.69,0,0.00,0.00,1222.88,38.54,0
W-0135,2026-04-06,538.83,819.44,678.56,-280.61,0,0.00,0.00,2014.23,20.78,0
W-0135,2026-04-13,1202.67,2017.60,1862.58,-814.93,0,0.00,0.00,2964.38,11.14,0
W-0135,2026-04-20,794.73,678.70,596.46,116.03,0,0.00,0.00,1187.51,13.94,0
W-0135,2026-04-27,653.53,461.63,354.12,191.90,0,0.00,0.00,760.58,15.03,0
W-0135,2026-05-04,352.77,796.51,641.10,-443.74,0,0.00,0.00,371.24,4.05,0
W-0135,2026-05-11,313.93,1983.09,1932.93,-1669.16,0,0.00,0.00,39.97,0.14,0
W-0135,2026-05-18,866.50,116.83,0.00,749.67,0,0.00,0.00,-76.86,,1
W-0135,2026-05-25,853.04,151.00,151.00,702.04,0,0.00,0.00,6798.88,315.18,0
W-0135,2026-06-01,843.58,378.00,378.00,465.58,0,0.00,0.00,3560.06,65.93,0
W-0135,2026-06-08,392.99,141.00,141.00,251.99,0,0.00,0.00,7816.57,388.06,0
W-0135,2026-06-15,531.38,1602.99,1583.00,-1071.61,0,0.00,0.00,8566.83,37.88,0
W-0135,2026-06-22,569.86,146.00,146.00,423.86,0,0.00,0.00,8802.91,422.06,0
W-0135,2026-06-29,276.37,0.00,0.00,276.37,0,0.00,0.00,9413.06,,0
W-0136,2026-03-30,184.22,1302.66,1239.12,-1118.44,0,0.00,0.00,1537.30,8.68,0
W-0136,2026-04-06,333.16,418.35,304.98,-85.19,0,0.00,0.00,1273.05,29.22,0
W-0136,2026-04-13,275.74,855.61,693.61,-579.87,1,68.97,2.07,504.44,5.09,0
W-0136,2026-04-20,520.84,424.08,348.81,96.76,1,68.88,3.44,1754.81,35.22,0
W-0136,2026-04-27,288.74,1163.11,1086.43,-874.37,0,0.00,0.00,1961.84,12.64,0
W-0136,2026-05-04,192.94,181.00,181.00,11.94,0,0.00,0.00,2639.06,102.06,0
W-0136,2026-05-11,504.86,87.00,87.00,417.86,1,60.69,1.99,2741.35,220.57,0
W-0136,2026-05-18,312.92,38.29,0.00,274.63,2,72.78,5.03,-107.04,,1
W-0136,2026-05-25,726.15,137.00,137.00,589.15,0,0.00,0.00,3641.66,186.07,0
W-0136,2026-06-01,525.72,978.65,877.00,-452.93,1,77.49,3.87,4306.14,34.37,0
W-0136,2026-06-08,298.56,268.00,268.00,30.56,0,0.00,0.00,4502.15,117.59,0
W-0136,2026-06-15,481.05,55.74,0.00,425.31,0,0.00,0.00,5203.79,,0
W-0136,2026-06-22,408.57,137.00,137.00,271.57,0,0.00,0.00,3001.06,153.34,0
W-0136,2026-06-29,287.74,0.00,0.00,287.74,0,0.00,0.00,5782.06,,0
W-0137,2026-03-30,293.77,2265.40,2243.22,-1971.63,0,0.00,0.00,5211.91,16.26,0
W-0137,2026-04-06,788.28,765.77,667.88,22.51,0,0.00,0.00,4926.05,51.63,0
W-0137,2026-04-13,663.07,328.93,252.41,334.14,0,0.00,0.00,4513.95,125.18,0
W-0137,2026-04-20,460.76,424.02,316.09,36.74,0,0.00,0.00,4202.94,93.08,0
W-0137,2026-04-27,645.27,2033.35,1963.98,-1388.08,0,0.00,0.00,3991.57,14.23,0
W-0137,2026-05-04,984.57,1005.41,904.46,-20.84,0,0.00,0.00,3410.16,26.39,0
W-0137,2026-05-11,1188.22,478.33,222.54,709.89,0,0.00,0.00,2931.83,92.22,0
W-0137,2026-05-18,1153.43,399.82,190.26,753.61,0,0.00,0.00,2552.00,93.89,0
W-0137,2026-05-25,876.45,563.30,204.05,313.15,0,0.00,0.00,2101.98,72.11,0
W-0137,2026-06-01,873.99,2739.66,2687.54,-1865.67,0,0.00,0.00,1588.04,4.14,0
W-0137,2026-06-08,1296.97,529.33,376.23,767.64,0,0.00,0.00,1058.71,19.7,0
W-0137,2026-06-15,668.25,241.77,160.37,426.48,0,0.00,0.00,5590.05,244.0,0
W-0137,2026-06-22,1754.88,802.15,621.87,952.73,0,0.00,0.00,12245.80,137.84,0
W-0137,2026-06-29,663.54,109.96,79.80,553.58,0,0.00,0.00,12667.02,1111.14,0
W-0138,2026-03-30,299.06,1749.02,1672.55,-1449.96,0,0.00,0.00,465.55,1.95,0
W-0138,2026-04-06,387.01,170.36,74.19,216.65,0,0.00,0.00,585.92,55.28,0
W-0138,2026-04-13,790.07,151.97,108.74,638.10,0,0.00,0.00,1715.58,110.44,0
W-0138,2026-04-20,235.63,483.49,449.14,-247.86,0,0.00,0.00,1807.47,28.17,0
W-0138,2026-04-27,596.30,1805.22,1657.00,-1208.92,0,0.00,0.00,2673.93,11.3,0
W-0138,2026-05-04,682.37,55.60,0.00,626.77,0,0.00,0.00,3229.77,,0
W-0138,2026-05-11,339.20,40.97,0.00,298.23,0,0.00,0.00,-120.33,,1
W-0138,2026-05-18,430.99,174.00,174.00,256.99,0,0.00,0.00,3927.12,157.99,0
W-0138,2026-05-25,349.93,131.22,52.00,218.71,0,0.00,0.00,-204.55,-27.54,1
W-0138,2026-06-01,217.14,1610.00,1610.00,-1392.86,0,0.00,0.00,4494.19,19.54,0
W-0138,2026-06-08,950.04,5.00,5.00,945.04,0,0.00,0.00,5444.23,7621.92,0
W-0138,2026-06-15,368.43,179.00,179.00,189.43,0,0.00,0.00,-214.55,-8.39,1
W-0138,2026-06-22,575.64,47.00,47.00,528.64,0,0.00,0.00,6305.08,939.05,0
W-0139,2026-03-30,156.39,534.25,508.13,-377.86,0,0.00,0.00,4762.21,65.6,0
W-0139,2026-04-06,966.91,707.82,613.12,259.09,0,0.00,0.00,4054.39,46.29,0
W-0139,2026-04-13,1029.12,1675.84,1570.55,-646.72,0,0.00,0.00,2477.83,11.04,0
W-0139,2026-04-20,352.17,330.87,214.91,21.30,0,0.00,0.00,3296.36,107.37,0
W-0139,2026-04-27,1038.79,398.98,194.81,639.81,0,0.00,0.00,3022.70,108.61,0
W-0139,2026-05-04,415.79,352.49,229.89,63.30,0,0.00,0.00,2670.21,81.31,0
W-0139,2026-05-11,781.19,1515.69,1364.86,-734.50,0,0.00,0.00,2316.52,11.88,0
W-0139,2026-05-18,740.80,641.94,385.38,98.86,0,0.00,0.00,1755.58,31.89,0
W-0139,2026-05-25,665.13,923.78,794.03,-258.65,0,0.00,0.00,962.80,8.49,0
W-0139,2026-06-01,747.58,668.70,434.73,78.88,0,0.00,0.00,321.61,5.18,0
W-0139,2026-06-08,571.94,452.44,396.24,119.50,0,0.00,0.00,7586.83,134.03,0
W-0139,2026-06-15,419.95,1141.99,1112.00,-722.04,0,0.00,0.00,8394.12,52.84,0
W-0139,2026-06-22,510.75,131.00,131.00,379.75,0,0.00,0.00,8721.92,466.06,0
W-0139,2026-06-29,696.54,0.00,0.00,696.54,0,0.00,0.00,9418.46,,0
W-0140,2026-03-30,303.92,1918.03,1897.87,-1614.11,0,0.00,0.00,272.64,1.01,0
W-0140,2026-04-06,630.43,466.89,322.81,163.54,0,0.00,0.00,57.78,1.25,0
W-0140,2026-04-13,990.04,758.00,758.00,232.04,0,0.00,0.00,2530.53,23.37,0
W-0140,2026-04-20,548.42,55.00,55.00,493.42,1,150.18,4.51,3081.29,392.16,0
W-0140,2026-04-27,563.96,1927.95,1888.00,-1363.99,0,0.00,0.00,5195.65,19.26,0
W-0140,2026-05-04,1044.50,196.99,187.00,847.51,1,39.60,0.00,-57.20,-2.14,1
W-0140,2026-05-11,421.83,758.00,758.00,-336.17,0,0.00,0.00,4883.14,45.09,0
W-0140,2026-05-18,715.13,55.00,55.00,660.13,0,0.00,0.00,5839.23,743.17,0
W-0140,2026-05-25,864.28,0.00,0.00,864.28,0,0.00,0.00,6276.52,,0
W-0140,2026-06-01,405.58,1902.99,1893.00,-1497.41,0,0.00,0.00,-62.20,-0.23,1
W-0140,2026-06-08,322.02,182.00,182.00,140.02,1,54.44,2.72,7156.45,275.25,0
W-0140,2026-06-15,640.44,762.66,762.66,-122.22,0,0.00,0.00,7742.63,71.06,0
W-0140,2026-06-22,900.90,60.00,60.00,840.90,0,0.00,0.00,8797.70,1026.4,0
W-0140,2026-06-29,173.95,5.00,5.00,168.95,1,121.54,6.08,8971.65,12560.31,0
W-0141,2026-03-30,256.30,1864.11,1590.44,-1607.81,0,0.00,0.00,8655.62,38.1,0
W-0141,2026-04-06,954.73,388.39,246.51,566.34,0,0.00,0.00,8267.23,234.76,0
W-0141,2026-04-13,906.32,461.65,367.13,444.67,0,0.00,0.00,7896.58,150.56,0
W-0141,2026-04-20,943.29,642.97,486.62,300.32,0,0.00,0.00,3065.68,44.1,0
W-0141,2026-04-27,905.51,1878.79,1773.56,-973.28,0,0.00,0.00,6951.82,27.44,0
W-0141,2026-05-04,1255.37,380.91,230.80,874.46,0,0.00,0.00,5262.80,159.62,0
W-0141,2026-05-11,951.62,339.63,187.47,611.99,0,0.00,0.00,6347.27,237.0,0
W-0141,2026-05-18,741.87,614.91,508.05,126.96,0,0.00,0.00,5732.36,78.98,0
W-0141,2026-05-25,800.67,613.15,536.64,187.52,1,134.66,1.99,5226.54,68.18,0
W-0141,2026-06-01,1623.31,2168.98,1994.02,-545.67,0,0.00,0.00,4552.22,15.98,0
W-0141,2026-06-08,1147.69,347.41,254.51,800.28,0,0.00,0.00,10769.76,296.21,0
W-0141,2026-06-15,883.68,413.30,396.66,470.38,0,0.00,0.00,3882.51,68.52,0
W-0141,2026-06-22,1342.82,248.13,231.43,1094.69,0,0.00,0.00,13400.57,405.32,0
W-0141,2026-06-29,1086.45,176.53,146.55,909.92,0,0.00,0.00,14082.71,672.66,0
W-0142,2026-03-30,415.72,136.76,51.89,278.96,0,0.00,0.00,7490.74,1010.51,0
W-0142,2026-04-06,909.01,312.71,238.05,596.30,1,94.86,6.64,7200.01,211.72,0
W-0142,2026-04-13,528.24,1326.70,1158.65,-798.46,2,138.05,9.76,6684.56,40.38,0
W-0142,2026-04-20,666.18,455.11,381.02,211.07,0,0.00,0.00,2577.05,47.34,0
W-0142,2026-04-27,520.87,464.54,338.44,56.33,0,0.00,0.00,3295.34,68.16,0
W-0142,2026-05-04,641.97,187.25,105.65,454.72,1,77.22,5.41,5790.21,383.64,0
W-0142,2026-05-11,736.69,1296.05,1096.43,-559.36,0,0.00,0.00,4476.58,28.58,0
W-0142,2026-05-18,952.49,849.30,785.17,103.19,0,0.00,0.00,4559.86,40.65,0
W-0142,2026-05-25,680.98,746.59,606.92,-65.61,1,88.21,0.00,6637.50,76.55,0
W-0142,2026-06-01,1612.05,359.86,267.59,1252.19,1,108.45,7.59,8033.91,210.16,0
W-0142,2026-06-08,1036.18,482.89,376.50,553.29,0,0.00,0.00,3141.52,58.41,0
W-0142,2026-06-15,662.03,1434.09,1376.84,-772.06,1,79.05,1.99,2573.43,13.08,0
W-0142,2026-06-22,755.21,688.71,673.33,66.50,0,0.00,0.00,2104.72,21.88,0
W-0142,2026-06-29,669.76,200.21,134.67,469.55,1,158.56,4.76,10845.28,563.73,0
W-0143,2026-03-30,274.15,1265.26,1171.14,-991.11,0,0.00,0.00,2494.14,14.91,0
W-0143,2026-04-06,454.18,450.28,369.46,3.90,0,0.00,0.00,938.14,17.77,0
W-0143,2026-04-13,749.76,1225.55,1146.92,-475.79,1,51.36,0.00,1614.31,9.85,0
W-0143,2026-04-20,209.31,207.67,68.20,1.64,0,0.00,0.00,1406.64,144.38,0
W-0143,2026-04-27,717.70,1499.54,1325.32,-781.84,1,27.47,1.99,1079.10,5.7,0
W-0143,2026-05-04,599.12,265.37,151.13,333.75,0,0.00,0.00,849.54,39.35,0
W-0143,2026-05-11,860.39,1298.43,1282.54,-438.04,0,0.00,0.00,311.30,1.7,0
W-0143,2026-05-18,768.86,448.70,381.65,320.16,0,0.00,0.00,97.35,1.79,0
W-0143,2026-05-25,535.57,289.69,260.00,245.88,0,0.00,0.00,5451.60,146.77,0
W-0143,2026-06-01,471.02,948.69,912.00,-477.67,1,78.77,0.00,5779.11,44.36,0
W-0143,2026-06-08,630.89,225.19,177.00,405.70,0,0.00,0.00,6149.80,243.21,0
W-0143,2026-06-15,787.60,624.00,624.00,163.60,1,99.91,3.00,7113.28,79.8,0
W-0143,2026-06-22,983.08,260.00,260.00,723.08,1,62.01,4.34,8465.66,227.92,0
W-0143,2026-06-29,427.21,0.00,0.00,427.21,0,0.00,0.00,8230.89,,0
W-0144,2026-03-30,540.81,156.35,85.50,384.46,0,0.00,0.00,6249.49,511.65,0
W-0144,2026-04-06,520.21,1018.20,978.07,-497.99,1,57.93,1.99,5622.08,40.24,0
W-0144,2026-04-13,723.25,950.86,900.17,-227.61,0,0.00,0.00,1528.23,11.88,0
W-0144,2026-04-20,741.72,302.26,181.69,439.46,1,65.23,1.99,4986.11,192.1,0
W-0144,2026-04-27,478.22,273.17,201.51,205.05,1,59.67,4.18,4712.94,163.72,0
W-0144,2026-05-04,868.14,1215.30,1112.09,-347.16,0,0.00,0.00,3923.14,24.69,0
W-0144,2026-05-11,758.65,920.57,894.48,-161.92,0,0.00,0.00,4669.65,36.54,0
W-0144,2026-05-18,544.31,731.11,491.64,-186.80,0,0.00,0.00,5038.55,71.74,0
W-0144,2026-05-25,835.50,383.35,294.39,452.15,1,41.27,1.99,2497.61,59.39,0
W-0144,2026-06-01,343.19,263.03,178.70,80.16,0,0.00,0.00,6392.65,250.41,0
W-0144,2026-06-08,921.72,839.13,786.96,82.59,1,86.90,6.08,7728.50,68.74,0
W-0144,2026-06-15,1006.43,905.71,839.84,100.72,1,36.18,1.99,1524.74,12.71,0
W-0144,2026-06-22,726.05,368.68,340.56,357.37,0,0.00,0.00,9046.85,185.95,0
W-0144,2026-06-29,436.93,162.45,119.32,274.48,0,0.00,0.00,9483.78,556.37,0
W-0145,2026-03-30,184.80,1331.45,1203.87,-1146.65,0,0.00,0.00,4325.55,25.15,0
W-0145,2026-04-06,373.47,343.34,286.95,30.13,0,0.00,0.00,3982.21,97.14,0
W-0145,2026-04-13,232.40,373.64,247.00,-141.24,0,0.00,0.00,3648.22,103.39,0
W-0145,2026-04-20,438.56,404.70,115.35,33.86,0,0.00,0.00,3203.87,194.43,0
W-0145,2026-04-27,1068.45,1373.17,1331.29,-304.72,0,0.00,0.00,4843.00,25.46,0
W-0145,2026-05-04,642.50,423.18,314.41,219.32,0,0.00,0.00,2465.52,54.89,0
W-0145,2026-05-11,751.81,386.42,231.57,365.39,0,0.00,0.00,4122.78,124.63,0
W-0145,2026-05-18,650.72,230.42,107.27,420.30,0,0.00,0.00,1848.68,120.64,0
W-0145,2026-05-25,614.73,343.57,210.39,271.16,0,0.00,0.00,1505.11,50.08,0
W-0145,2026-06-01,753.63,1605.40,1423.73,-851.77,0,0.00,0.00,957.71,4.71,0
W-0145,2026-06-08,294.67,516.72,475.52,-222.05,0,0.00,0.00,440.99,6.49,0
W-0145,2026-06-15,743.31,476.76,396.50,266.55,0,0.00,0.00,7057.63,124.6,0
W-0145,2026-06-22,289.13,0.00,0.00,289.13,0,0.00,0.00,7346.76,,0
W-0145,2026-06-29,426.24,0.00,0.00,426.24,0,0.00,0.00,7773.00,,0
W-0146,2026-03-30,635.17,1168.42,1081.71,-533.25,0,0.00,0.00,939.00,6.08,0
W-0146,2026-04-06,662.76,884.03,560.70,-221.27,0,0.00,0.00,5688.82,71.02,0
W-0146,2026-04-13,563.00,579.45,501.80,-16.45,0,0.00,0.00,2164.76,30.2,0
W-0146,2026-04-20,659.77,586.39,329.27,73.38,0,0.00,0.00,2824.53,60.05,0
W-0146,2026-04-27,532.38,1396.59,1279.80,-864.21,0,0.00,0.00,3356.91,18.36,0
W-0146,2026-05-04,1339.17,752.69,536.06,586.48,1,97.10,0.00,4696.08,61.32,0
W-0146,2026-05-11,806.43,348.30,199.56,458.13,0,0.00,0.00,3119.10,109.41,0
W-0146,2026-05-18,142.33,185.19,82.34,-42.86,0,0.00,0.00,2915.46,247.85,0
W-0146,2026-05-25,650.02,370.24,264.83,279.78,0,0.00,0.00,6294.86,166.39,0
W-0146,2026-06-01,590.22,1434.27,1229.04,-844.05,0,0.00,0.00,2209.37,12.58,0
W-0146,2026-06-08,1026.65,559.17,458.57,467.48,0,0.00,0.00,7911.73,120.77,0
W-0146,2026-06-15,862.46,806.95,595.23,55.51,1,72.11,1.99,8774.19,103.19,0
W-0146,2026-06-22,918.21,429.38,373.49,488.83,1,147.81,1.99,9692.40,181.66,0
W-0146,2026-06-29,267.12,170.49,140.56,96.63,0,0.00,0.00,9959.52,495.99,0
W-0147,2026-03-30,499.07,1958.25,1861.00,-1459.18,0,0.00,0.00,7897.56,29.71,0
W-0147,2026-04-06,807.17,466.66,321.32,340.51,0,0.00,0.00,7553.90,164.56,0
W-0147,2026-04-13,556.56,694.10,411.81,-137.54,0,0.00,0.00,6927.79,117.76,0
W-0147,2026-04-20,712.63,212.42,74.58,500.21,0,0.00,0.00,6715.37,630.3,0
W-0147,2026-04-27,252.72,2297.92,2152.98,-2045.20,0,0.00,0.00,6217.45,20.21,0
W-0147,2026-05-04,1037.09,682.98,605.25,354.11,0,0.00,0.00,5674.30,65.63,0
W-0147,2026-05-11,1457.14,302.91,212.71,1154.23,1,53.08,0.00,5422.55,178.45,0
W-0147,2026-05-18,1132.54,344.92,219.07,787.62,0,0.00,0.00,5077.63,162.25,0
W-0147,2026-05-25,819.25,402.48,72.56,416.77,0,0.00,0.00,4675.15,451.02,0
W-0147,2026-06-01,1623.42,2141.62,2117.86,-518.20,0,0.00,0.00,4333.53,14.32,0
W-0147,2026-06-08,936.59,978.43,771.81,-41.84,0,0.00,0.00,3575.99,32.43,0
W-0147,2026-06-15,1124.84,521.38,343.14,603.46,2,127.93,7.07,3024.71,61.7,0
W-0147,2026-06-22,1590.60,173.28,79.51,1417.32,1,79.45,0.00,2851.43,251.04,0
W-0147,2026-06-29,1058.59,115.43,115.43,943.16,0,0.00,0.00,14028.78,850.74,0
W-0148,2026-03-30,183.51,1793.93,1786.55,-1610.42,0,0.00,0.00,4308.19,16.88,0
W-0148,2026-04-06,914.40,465.09,364.35,449.31,0,0.00,0.00,4029.14,77.41,0
W-0148,2026-04-13,660.20,325.28,235.86,334.92,1,84.03,5.88,3766.82,111.79,0
W-0148,2026-04-20,764.05,513.72,375.87,250.33,0,0.00,0.00,3253.10,60.58,0
W-0148,2026-04-27,960.46,1781.95,1651.76,-821.49,0,0.00,0.00,3736.52,15.84,0
W-0148,2026-05-04,296.81,621.04,446.75,-324.23,0,0.00,0.00,5424.12,84.99,0
W-0148,2026-05-11,761.20,461.08,435.06,300.12,0,0.00,0.00,2207.03,35.51,0
W-0148,2026-05-18,563.86,522.84,405.22,41.02,0,0.00,0.00,1751.37,30.25,0
W-0148,2026-05-25,1201.96,391.78,279.25,810.18,0,0.00,0.00,1399.41,35.08,0
W-0148,2026-06-01,1058.68,1894.21,1755.51,-835.53,0,0.00,0.00,973.56,3.88,0
W-0148,2026-06-08,157.74,931.01,748.18,-773.27,0,0.00,0.00,285.19,2.67,0
W-0148,2026-06-15,1284.12,258.50,163.47,1025.62,0,0.00,0.00,9060.89,388.0,0
W-0148,2026-06-22,212.45,163.21,163.21,49.24,0,0.00,0.00,4533.12,194.42,0
W-0148,2026-06-29,820.78,0.00,0.00,820.78,0,0.00,0.00,9891.03,,0
W-0149,2026-03-30,0.00,880.67,761.34,-880.67,0,0.00,0.00,10790.64,99.21,0
W-0149,2026-04-06,756.20,267.08,181.53,489.12,2,204.75,6.78,10523.56,405.8,0
W-0149,2026-04-13,1367.03,665.07,600.59,701.96,0,0.00,0.00,10245.49,119.41,0
W-0149,2026-04-20,1510.14,433.49,308.07,1076.65,0,0.00,0.00,9812.00,222.95,0
W-0149,2026-04-27,537.76,1363.15,1197.65,-825.39,0,0.00,0.00,9182.67,53.67,0
W-0149,2026-05-04,1569.53,466.22,371.46,1103.31,1,78.65,2.36,8738.28,164.67,0
W-0149,2026-05-11,702.41,1159.02,1019.03,-456.61,1,44.26,1.99,7902.61,54.29,0
W-0149,2026-05-18,1381.27,502.18,421.01,879.09,0,0.00,0.00,7400.43,123.04,0
W-0149,2026-05-25,839.65,445.98,318.31,393.67,0,0.00,0.00,7019.41,154.36,0
W-0149,2026-06-01,796.04,972.54,753.39,-176.50,1,56.99,2.85,6673.91,62.01,0
W-0149,2026-06-08,2079.36,282.04,147.72,1797.32,0,0.00,0.00,6471.69,306.67,0
W-0149,2026-06-15,817.31,597.83,493.50,219.48,1,75.71,3.79,12941.61,183.57,0
W-0149,2026-06-22,1054.67,514.56,448.31,540.11,0,0.00,0.00,5666.48,88.48,0
W-0149,2026-06-29,491.89,93.60,34.51,398.29,1,68.45,2.05,14216.31,2883.63,0
W-0150,2026-03-30,559.86,1728.04,1728.04,-1168.18,0,0.00,0.00,3443.06,13.95,0
W-0150,2026-04-06,636.05,822.27,757.68,-186.22,1,104.85,1.99,1469.98,13.58,0
W-0150,2026-04-13,360.35,506.59,314.66,-146.24,0,0.00,0.00,1830.33,40.72,0
W-0150,2026-04-20,729.99,480.58,254.24,249.41,0,0.00,0.00,2560.32,70.49,0
W-0150,2026-04-27,537.02,2267.08,2195.89,-1730.06,0,0.00,0.00,1066.78,3.4,0
W-0150,2026-05-04,692.98,131.11,67.86,561.87,0,0.00,0.00,3790.32,390.98,0
W-0150,2026-05-11,280.59,621.67,571.34,-341.08,1,83.91,5.87,324.38,3.97,0
W-0150,2026-05-18,546.98,289.05,214.55,257.93,0,0.00,0.00,90.33,2.95,0
W-0150,2026-05-25,837.11,127.10,127.10,710.01,0,0.00,0.00,5455.00,300.43,0
W-0150,2026-06-01,624.73,1471.00,1471.00,-846.27,0,0.00,0.00,6079.73,28.93,0
W-0150,2026-06-08,983.75,38.50,5.00,945.25,0,0.00,0.00,-80.27,-112.38,1
W-0150,2026-06-15,902.71,117.20,94.00,785.51,0,0.00,0.00,7966.19,593.23,0
W-0150,2026-06-22,590.52,82.22,55.00,508.30,0,0.00,0.00,8556.71,1089.04,0
W-0151,2026-03-30,199.42,1167.06,1167.06,-967.64,0,0.00,0.00,464.95,2.79,0
W-0151,2026-04-06,706.44,416.88,164.03,289.56,0,0.00,0.00,4027.73,171.88,0
W-0151,2026-04-13,185.98,1378.75,1191.16,-1192.77,0,0.00,0.00,3542.97,20.82,0
W-0151,2026-04-20,501.03,348.11,276.87,152.92,0,0.00,0.00,3282.86,83.0,0
W-0151,2026-04-27,660.03,1118.74,1040.11,-458.71,0,0.00,0.00,2856.13,19.22,0
W-0151,2026-05-04,558.30,457.06,311.84,101.24,1,101.11,5.06,2366.06,53.11,0
W-0151,2026-05-11,945.84,1108.72,926.62,-162.88,0,0.00,0.00,1913.34,14.45,0
W-0151,2026-05-18,634.18,768.46,655.26,-134.28,0,0.00,0.00,4348.99,46.46,0
W-0151,2026-05-25,1350.01,737.89,363.51,612.12,2,97.94,1.99,5459.65,105.13,0
W-0151,2026-06-01,613.28,1356.89,1266.22,-743.61,1,106.09,5.30,35.09,0.19,0
W-0151,2026-06-08,784.95,38.70,25.39,746.25,1,114.35,3.43,7404.99,2041.55,0
W-0151,2026-06-15,911.85,986.99,972.00,-75.14,0,0.00,0.00,-8.61,-0.06,1
W-0151,2026-06-22,659.14,54.97,0.00,604.17,0,0.00,0.00,9419.56,,0
W-0151,2026-06-29,899.66,5.00,5.00,894.66,0,0.00,0.00,9875.64,13825.9,0
W-0152,2026-03-30,527.85,1254.08,1174.76,-726.23,0,0.00,0.00,7242.91,43.16,0
W-0152,2026-04-06,964.22,366.24,317.19,597.98,0,0.00,0.00,6793.32,149.92,0
W-0152,2026-04-13,412.48,1094.47,1032.54,-681.99,0,0.00,0.00,6151.02,41.7,0
W-0152,2026-04-20,609.81,361.22,245.07,248.59,0,0.00,0.00,5574.63,159.23,0
W-0152,2026-04-27,1422.73,1804.10,1767.03,-381.37,1,115.89,5.79,3949.62,15.65,0
W-0152,2026-05-04,771.24,485.97,436.44,285.27,0,0.00,0.00,4219.55,67.68,0
W-0152,2026-05-11,1015.28,800.45,712.81,214.83,0,0.00,0.00,3569.10,35.05,0
W-0152,2026-05-18,487.14,339.32,282.79,147.82,0,0.00,0.00,3361.80,83.22,0
W-0152,2026-05-25,558.41,780.89,646.92,-222.48,0,0.00,0.00,2685.89,29.06,0
W-0152,2026-06-01,796.18,1272.86,1143.38,-476.68,0,0.00,0.00,7933.25,48.57,0
W-0152,2026-06-08,1316.08,296.12,230.51,1019.96,0,0.00,0.00,2051.90,62.31,0
W-0152,2026-06-15,1017.63,555.71,442.64,461.92,0,0.00,0.00,1583.19,25.04,0
W-0152,2026-06-22,481.20,695.06,505.66,-213.86,0,0.00,0.00,1201.06,16.63,0
W-0152,2026-06-29,396.46,26.06,0.00,370.40,0,0.00,0.00,11144.62,,0
W-0153,2026-03-30,78.29,581.90,417.70,-503.61,0,0.00,0.00,4958.89,83.1,0
W-0153,2026-04-06,431.09,480.69,418.95,-49.60,0,0.00,0.00,2069.86,34.58,0
W-0153,2026-04-13,869.42,2002.95,1983.68,-1133.53,0,0.00,0.00,972.39,3.43,0
W-0153,2026-04-20,553.17,810.84,619.46,-257.67,0,0.00,0.00,2555.44,28.88,0
W-0153,2026-04-27,641.17,667.03,391.71,-25.86,0,0.00,0.00,433.05,7.74,0
W-0153,2026-05-04,645.09,433.60,261.28,211.49,0,0.00,0.00,-34.12,-0.91,1
W-0153,2026-05-11,686.57,1689.00,1689.00,-1002.43,0,0.00,0.00,3914.01,16.22,0
W-0153,2026-05-18,615.50,42.31,0.00,573.19,2,163.24,11.43,4911.93,,0
W-0153,2026-05-25,868.73,87.00,87.00,781.73,0,0.00,0.00,-86.43,-6.95,1
W-0153,2026-06-01,657.45,124.00,124.00,533.45,0,0.00,0.00,6259.87,353.38,0
W-0153,2026-06-08,723.89,5.00,5.00,718.89,0,0.00,0.00,-96.43,-135.0,1
W-0153,2026-06-15,269.19,1689.00,1689.00,-1419.81,1,60.58,0.00,7252.95,30.06,0
W-0153,2026-06-22,1118.73,77.00,77.00,1041.73,0,0.00,0.00,5077.89,461.63,0
W-0153,2026-06-29,222.21,0.00,0.00,222.21,0,0.00,0.00,8593.89,,0
W-0154,2026-03-30,230.20,2730.52,2587.97,-2500.32,0,0.00,0.00,4968.68,13.44,0
W-0154,2026-04-06,552.02,325.33,170.16,226.69,0,0.00,0.00,4310.83,177.34,0
W-0154,2026-04-13,1169.75,632.20,550.75,537.55,0,0.00,0.00,2074.10,26.36,0
W-0154,2026-04-20,610.85,304.06,169.32,306.79,0,0.00,0.00,3374.57,139.51,0
W-0154,2026-04-27,883.83,2588.20,2571.80,-1704.37,0,0.00,0.00,3568.78,9.71,0
W-0154,2026-05-04,1180.27,464.94,464.94,715.33,2,184.19,9.49,2899.43,43.65,0
W-0154,2026-05-11,1069.38,226.41,190.18,842.97,2,99.07,4.85,5818.43,214.16,0
W-0154,2026-05-18,1726.17,191.86,121.43,1534.31,2,200.49,4.87,2481.16,143.03,0
W-0154,2026-05-25,576.09,667.84,456.46,-91.75,0,0.00,0.00,1813.32,27.81,0
W-0154,2026-06-01,506.33,2716.28,2573.41,-2209.95,1,122.90,8.60,1588.04,4.32,0
W-0154,2026-06-08,1065.11,695.22,543.15,369.89,0,0.00,0.00,9316.79,120.07,0
W-0154,2026-06-15,1225.33,354.60,284.24,870.73,0,0.00,0.00,625.22,15.4,0
W-0154,2026-06-22,1188.86,116.01,66.66,1072.85,0,0.00,0.00,509.21,53.47,0
W-0154,2026-06-29,416.36,21.29,21.29,395.07,0,0.00,0.00,12335.07,4055.68,0
W-0155,2026-03-30,131.35,1325.11,1282.11,-1193.76,0,0.00,0.00,1035.98,5.66,0
W-0155,2026-04-06,476.30,942.83,768.94,-466.53,0,0.00,0.00,850.92,7.75,0
W-0155,2026-04-13,493.57,304.94,275.66,188.63,0,0.00,0.00,586.21,14.89,0
W-0155,2026-04-20,594.55,658.74,586.38,-64.19,0,0.00,0.00,71.38,0.85,0
W-0155,2026-04-27,382.88,895.57,895.57,-512.69,0,0.00,0.00,2216.41,17.32,0
W-0155,2026-05-04,250.75,746.42,746.42,-495.67,0,0.00,0.00,2727.43,25.58,0
W-0155,2026-05-11,528.03,95.01,56.00,433.02,0,0.00,0.00,4071.09,508.89,0
W-0155,2026-05-18,575.62,15.36,0.00,560.26,0,0.00,0.00,3603.45,,0
W-0155,2026-05-25,440.82,90.00,90.00,350.82,0,0.00,0.00,4271.90,332.26,0
W-0155,2026-06-01,431.38,1589.00,1589.00,-1157.62,0,0.00,0.00,1519.09,6.69,0
W-0155,2026-06-08,394.14,56.00,56.00,338.14,0,0.00,0.00,4015.09,501.89,0
W-0155,2026-06-15,717.77,5.00,5.00,712.77,0,0.00,0.00,5520.38,7728.53,0
W-0155,2026-06-22,637.52,147.85,90.00,489.67,0,0.00,0.00,6452.71,501.88,0
W-0155,2026-06-29,256.38,0.00,0.00,256.38,0,0.00,0.00,6709.09,,0
W-0156,2026-03-30,229.06,1637.62,1533.05,-1408.56,0,0.00,0.00,335.58,1.53,0
W-0156,2026-04-06,452.89,453.89,385.88,-1.00,0,0.00,0.00,788.47,14.3,0
W-0156,2026-04-13,139.92,176.68,124.00,-36.76,0,0.00,0.00,928.39,52.41,0
W-0156,2026-04-20,340.31,9.77,0.00,330.54,0,0.00,0.00,1268.70,,0
W-0156,2026-04-27,371.87,1304.00,1304.00,-932.13,0,0.00,0.00,1640.57,8.81,0
W-0156,2026-05-04,676.45,29.99,5.00,646.46,0,0.00,0.00,2317.02,3243.83,0
W-0156,2026-05-11,165.36,124.00,124.00,41.36,0,0.00,0.00,2482.38,140.13,0
W-0156,2026-05-18,357.25,5.00,5.00,352.25,0,0.00,0.00,2839.63,3975.48,0
W-0156,2026-05-25,402.33,0.00,0.00,402.33,2,123.71,7.38,3241.96,,0
W-0156,2026-06-01,507.01,1333.99,1309.00,-826.98,1,49.52,2.48,3748.97,20.05,0
W-0156,2026-06-08,365.10,0.00,0.00,365.10,1,54.74,3.83,4114.07,,0
W-0156,2026-06-15,448.22,129.00,129.00,319.22,1,25.91,1.99,4562.29,247.57,0
W-0156,2026-06-22,480.57,35.79,0.00,444.78,1,47.35,2.37,5042.86,,0
W-0156,2026-06-29,70.33,0.00,0.00,70.33,1,52.41,2.62,5113.19,,0
W-0157,2026-03-30,663.19,1555.67,1271.50,-892.48,0,0.00,0.00,727.71,4.01,0
W-0157,2026-04-06,637.70,415.59,347.97,222.11,0,0.00,0.00,9915.67,199.47,0
W-0157,2026-04-13,2126.44,1504.72,1353.44,621.72,0,0.00,0.00,2592.45,13.41,0
W-0157,2026-04-20,943.22,527.85,414.29,415.37,0,0.00,0.00,9021.10,152.42,0
W-0157,2026-04-27,933.49,1664.47,1531.47,-730.98,0,0.00,0.00,8368.63,38.25,0
W-0157,2026-05-04,1517.61,546.51,265.20,971.10,0,0.00,0.00,7822.12,206.47,0
W-0157,2026-05-11,2022.61,1289.80,1219.77,732.81,0,0.00,0.00,8908.78,51.13,0
W-0157,2026-05-18,914.51,471.18,272.82,443.33,0,0.00,0.00,7199.14,184.72,0
W-0157,2026-05-25,2392.55,425.35,268.03,1967.20,0,0.00,0.00,6941.79,181.3,0
W-0157,2026-06-01,225.56,1277.80,1121.36,-1052.24,0,0.00,0.00,6554.18,40.91,0
W-0157,2026-06-08,1222.27,451.28,367.81,770.99,0,0.00,0.00,6224.71,118.47,0
W-0157,2026-06-15,1267.25,1420.92,1221.94,-153.67,0,0.00,0.00,5849.72,33.51,0
W-0157,2026-06-22,1265.60,507.62,451.32,757.98,0,0.00,0.00,5466.91,84.79,0
W-0157,2026-06-29,1296.41,150.40,0.00,1146.01,0,0.00,0.00,17492.93,,0
W-0158,2026-03-30,593.03,1581.76,1404.73,-988.73,0,0.00,0.00,4438.16,22.12,0
W-0158,2026-04-06,536.69,240.65,180.36,296.04,0,0.00,0.00,1180.46,45.82,0
W-0158,2026-04-13,333.28,360.23,189.83,-26.95,0,0.00,0.00,1513.74,55.82,0
W-0158,2026-04-20,543.65,612.84,393.31,-69.19,0,0.00,0.00,2057.39,36.62,0
W-0158,2026-04-27,487.35,1411.95,1371.59,-924.60,0,0.00,0.00,2544.74,12.99,0
W-0158,2026-05-04,537.40,408.05,266.30,129.35,0,0.00,0.00,3082.14,81.02,0
W-0158,2026-05-11,216.23,413.80,208.80,-197.57,0,0.00,0.00,2236.16,74.97,0
W-0158,2026-05-18,916.18,289.62,141.92,626.56,0,0.00,0.00,4214.55,207.88,0
W-0158,2026-05-25,990.83,957.37,922.72,33.46,0,0.00,0.00,5205.38,39.49,0
W-0158,2026-06-01,651.03,1620.31,1441.71,-969.28,0,0.00,0.00,611.48,2.97,0
W-0158,2026-06-08,655.35,535.59,413.68,119.76,0,0.00,0.00,6511.76,110.19,0
W-0158,2026-06-15,1182.34,5.00,5.00,1177.34,0,0.00,0.00,7694.10,10771.74,0
W-0158,2026-06-22,596.45,206.30,172.00,390.15,0,0.00,0.00,4820.94,196.2,0
W-0158,2026-06-29,298.39,0.00,0.00,298.39,0,0.00,0.00,8588.94,,0
W-0159,2026-03-30,125.95,1574.82,1480.00,-1448.87,0,0.00,0.00,-833.43,-3.94,1
W-0159,2026-04-06,760.77,147.00,147.00,613.77,1,43.49,0.00,-838.43,-39.93,1
W-0159,2026-04-13,586.24,864.36,838.00,-278.12,0,0.00,0.00,1738.30,14.52,0
W-0159,2026-04-20,309.42,0.00,0.00,309.42,1,70.77,1.99,1879.08,,0
W-0159,2026-04-27,587.53,1485.00,1485.00,-897.47,1,27.00,1.99,-869.79,-4.1,1
W-0159,2026-05-04,435.87,171.27,147.00,264.60,0,0.00,0.00,1212.38,57.73,0
W-0159,2026-05-11,265.52,64.99,45.00,200.53,1,45.08,1.99,3336.64,519.03,0
W-0159,2026-05-18,502.56,0.00,0.00,502.56,0,0.00,0.00,3839.20,,0
W-0159,2026-05-25,245.09,0.00,0.00,245.09,0,0.00,0.00,4084.29,,0
W-0159,2026-06-01,481.75,1678.00,1678.00,-1196.25,0,0.00,0.00,4566.04,19.05,0
W-0159,2026-06-08,386.11,227.56,182.00,158.55,1,44.07,2.20,4952.15,190.47,0
W-0159,2026-06-15,415.12,803.00,803.00,-387.88,0,0.00,0.00,5153.31,44.92,0
W-0159,2026-06-22,457.83,0.00,0.00,457.83,1,69.58,1.99,5917.91,,0
W-0159,2026-06-29,231.28,0.00,0.00,231.28,0,0.00,0.00,6056.38,,0
W-0160,2026-03-30,636.81,2102.83,1837.45,-1466.02,0,0.00,0.00,945.29,3.6,0
W-0160,2026-04-06,987.43,365.94,292.46,621.49,0,0.00,0.00,1932.72,46.26,0
W-0160,2026-04-13,825.13,502.28,432.68,322.85,0,0.00,0.00,2757.85,44.62,0
W-0160,2026-04-20,690.50,645.28,548.29,45.22,0,0.00,0.00,3448.35,44.02,0
W-0160,2026-04-27,1143.28,1766.01,1637.23,-622.73,0,0.00,0.00,4591.63,19.63,0
W-0160,2026-05-04,643.40,356.77,231.41,286.63,0,0.00,0.00,5235.03,158.36,0
W-0160,2026-05-11,899.95,724.87,615.13,175.08,0,0.00,0.00,4039.15,45.96,0
W-0160,2026-05-18,783.83,664.25,646.96,119.58,1,88.39,2.65,3262.01,35.29,0
W-0160,2026-05-25,751.70,631.49,410.93,120.21,0,0.00,0.00,2717.46,46.29,0
W-0160,2026-06-01,818.46,2199.27,1994.61,-1380.81,0,0.00,0.00,2043.95,7.17,0
W-0160,2026-06-08,1101.75,228.05,155.75,873.70,2,140.24,5.22,1815.90,81.61,0
W-0160,2026-06-15,1374.96,536.70,398.42,838.26,1,74.17,5.19,10965.68,192.66,0
W-0160,2026-06-22,1008.11,431.27,91.97,576.84,0,0.00,0.00,980.92,74.66,0
W-0160,2026-06-29,162.14,23.89,0.00,138.25,0,0.00,0.00,12135.93,,0
W-0161,2026-03-30,137.91,460.18,336.86,-322.27,0,0.00,0.00,999.35,20.77,0
W-0161,2026-04-06,909.73,891.43,821.50,18.30,0,0.00,0.00,280.93,2.39,0
W-0161,2026-04-13,443.01,1991.30,1991.30,-1548.29,0,0.00,0.00,1499.88,5.27,0
W-0161,2026-04-20,435.36,94.32,76.00,341.04,0,0.00,0.00,1834.82,169.0,0
W-0161,2026-04-27,321.35,0.00,0.00,321.35,0,0.00,0.00,2391.02,,0
W-0161,2026-05-04,838.29,427.75,315.00,410.54,0,0.00,0.00,-134.44,-2.99,1
W-0161,2026-05-11,820.90,1707.00,1707.00,-886.10,0,0.00,0.00,3746.82,15.36,0
W-0161,2026-05-18,503.54,5.00,5.00,498.54,0,0.00,0.00,-139.44,-195.22,1
W-0161,2026-05-25,650.72,76.00,76.00,574.72,0,0.00,0.00,5204.47,479.36,0
W-0161,2026-06-01,543.29,320.00,320.00,223.29,0,0.00,0.00,5747.76,125.73,0
W-0161,2026-06-08,648.88,18.45,0.00,630.43,0,0.00,0.00,6396.64,,0
W-0161,2026-06-15,462.74,1707.00,1707.00,-1244.26,0,0.00,0.00,6601.84,27.07,0
W-0161,2026-06-22,331.94,76.00,76.00,255.94,0,0.00,0.00,7191.32,662.36,0
W-0161,2026-06-29,420.22,5.00,5.00,415.22,0,0.00,0.00,7448.20,10427.48,0
W-0162,2026-03-30,561.95,1172.52,1071.03,-610.57,0,0.00,0.00,598.94,3.91,0
W-0162,2026-04-06,379.74,340.51,227.46,39.23,0,0.00,0.00,258.43,7.95,0
W-0162,2026-04-13,701.13,1793.70,1765.45,-1092.57,0,0.00,0.00,1742.30,6.91,0
W-0162,2026-04-20,776.51,103.99,79.00,672.52,0,0.00,0.00,2653.32,235.1,0
W-0162,2026-04-27,892.50,820.00,820.00,72.50,0,0.00,0.00,3119.56,26.63,0
W-0162,2026-05-04,373.72,0.00,0.00,373.72,0,0.00,0.00,3919.54,,0
W-0162,2026-05-11,553.98,1499.00,1499.00,-945.02,0,0.00,0.00,4473.52,20.89,0
W-0162,2026-05-18,595.47,103.99,79.00,491.48,0,0.00,0.00,5068.99,449.15,0
W-0162,2026-05-25,811.07,0.00,0.00,811.07,0,0.00,0.00,5880.06,,0
W-0162,2026-06-01,462.31,820.00,820.00,-357.69,0,0.00,0.00,6235.27,53.23,0
W-0162,2026-06-08,559.14,0.00,0.00,559.14,0,0.00,0.00,7049.22,,0
W-0162,2026-06-15,374.83,1597.99,1573.00,-1223.16,0,0.00,0.00,951.46,4.23,0
W-0162,2026-06-22,642.73,0.00,0.00,642.73,0,0.00,0.00,7919.07,,0
W-0162,2026-06-29,286.36,0.00,0.00,286.36,0,0.00,0.00,8205.43,,0
W-0163,2026-03-30,192.46,1837.50,1761.26,-1645.04,0,0.00,0.00,1587.36,6.31,0
W-0163,2026-04-06,552.79,368.02,261.82,184.77,0,0.00,0.00,1219.34,32.6,0
W-0163,2026-04-13,425.81,153.12,125.64,272.69,0,0.00,0.00,1066.22,59.4,0
W-0163,2026-04-20,799.69,521.77,459.18,277.92,0,0.00,0.00,2477.19,37.76,0
W-0163,2026-04-27,204.49,2105.73,2014.99,-1901.24,0,0.00,0.00,437.71,1.52,0
W-0163,2026-05-04,757.06,111.54,60.76,645.52,0,0.00,0.00,3234.25,372.61,0
W-0163,2026-05-11,595.73,418.71,105.30,177.02,0,0.00,0.00,3707.15,246.44,0
W-0163,2026-05-18,785.53,240.00,240.00,545.53,0,0.00,0.00,4417.70,128.85,0
W-0163,2026-05-25,647.94,0.00,0.00,647.94,0,0.00,0.00,5083.42,,0
W-0163,2026-06-01,217.61,1763.99,1744.00,-1546.38,0,0.00,0.00,5481.06,22.0,0
W-0163,2026-06-08,603.58,0.00,0.00,603.58,0,0.00,0.00,6001.52,,0
W-0163,2026-06-15,803.67,199.60,160.00,604.07,0,0.00,0.00,1720.84,75.29,0
W-0163,2026-06-22,179.40,75.00,75.00,104.40,0,0.00,0.00,7275.05,679.0,0
W-0163,2026-06-29,590.13,0.00,0.00,590.13,0,0.00,0.00,7657.84,,0
W-0164,2026-03-30,270.17,1859.02,1706.16,-1588.85,0,0.00,0.00,4446.30,18.24,0
W-0164,2026-04-06,462.08,328.66,248.84,133.42,0,0.00,0.00,1107.52,31.16,0
W-0164,2026-04-13,760.65,261.33,226.83,499.32,0,0.00,0.00,3842.36,118.58,0
W-0164,2026-04-20,673.08,366.68,347.98,306.40,0,0.00,0.00,2543.56,51.17,0
W-0164,2026-04-27,773.90,2267.44,1948.05,-1493.54,0,0.00,0.00,2883.19,10.36,0
W-0164,2026-05-04,378.40,932.25,726.17,-553.85,0,0.00,0.00,1803.98,17.39,0
W-0164,2026-05-11,991.73,431.94,201.71,559.79,0,0.00,0.00,4793.41,166.35,0
W-0164,2026-05-18,879.85,280.72,123.56,599.13,0,0.00,0.00,1091.32,61.83,0
W-0164,2026-05-25,355.97,317.52,252.56,38.45,0,0.00,0.00,773.80,21.45,0
W-0164,2026-06-01,801.37,1765.46,1718.30,-964.09,0,0.00,0.00,6585.03,26.83,0
W-0164,2026-06-08,661.42,317.95,227.25,343.47,0,0.00,0.00,254.63,7.84,0
W-0164,2026-06-15,779.80,229.42,186.57,550.38,0,0.00,0.00,8026.25,301.14,0
W-0164,2026-06-22,694.43,5.00,5.00,689.43,0,0.00,0.00,8720.68,12208.95,0
W-0164,2026-06-29,626.67,0.00,0.00,626.67,0,0.00,0.00,9195.69,,0
W-0165,2026-03-30,334.67,1934.48,1907.87,-1599.81,1,73.46,2.20,3470.62,12.73,0
W-0165,2026-04-06,694.70,683.33,643.45,11.37,0,0.00,0.00,2807.68,30.54,0
W-0165,2026-04-13,703.06,124.87,0.00,578.19,0,0.00,0.00,2682.81,,0
W-0165,2026-04-20,277.98,554.55,441.04,-276.57,1,105.28,7.37,2128.26,33.78,0
W-0165,2026-04-27,724.83,1764.37,1590.20,-1039.54,0,0.00,0.00,3082.36,13.57,0
W-0165,2026-05-04,548.84,653.95,568.78,-105.11,0,0.00,0.00,3631.20,44.69,0
W-0165,2026-05-11,733.62,160.39,144.65,573.23,1,65.24,3.26,884.55,42.81,0
W-0165,2026-05-18,625.66,826.72,605.19,-201.06,0,0.00,0.00,57.83,0.67,0
W-0165,2026-05-25,131.75,179.49,81.00,-47.74,1,29.29,1.99,5122.23,442.66,0
W-0165,2026-06-01,988.15,1207.00,1207.00,-218.85,0,0.00,0.00,6110.38,35.44,0
W-0165,2026-06-08,367.01,47.00,47.00,320.01,1,33.27,1.99,6358.55,947.02,0
W-0165,2026-06-15,701.34,5.00,5.00,696.34,2,149.45,7.75,-45.66,-63.92,1
W-0165,2026-06-22,753.03,86.00,86.00,667.03,0,0.00,0.00,4171.49,339.54,0
W-0165,2026-06-29,244.73,0.00,0.00,244.73,0,0.00,0.00,8176.49,,0
W-0166,2026-03-30,275.71,1690.65,1656.86,-1414.94,0,0.00,0.00,5188.55,21.92,0
W-0166,2026-04-06,731.68,363.75,296.69,367.93,0,0.00,0.00,4824.80,113.83,0
W-0166,2026-04-13,362.50,655.30,552.37,-292.80,0,0.00,0.00,4320.50,54.75,0
W-0166,2026-04-20,1574.23,93.66,93.66,1480.57,0,0.00,0.00,3135.39,234.33,0
W-0166,2026-04-27,1233.50,1910.20,1780.80,-676.70,0,0.00,0.00,4710.53,18.52,0
W-0166,2026-05-04,769.14,291.97,155.46,477.17,1,31.51,0.00,3631.64,163.52,0
W-0166,2026-05-11,625.68,685.78,491.87,-60.10,0,0.00,0.00,3011.89,42.86,0
W-0166,2026-05-18,1124.18,243.08,235.07,881.10,0,0.00,0.00,7033.73,209.45,0
W-0166,2026-05-25,584.30,498.53,369.14,85.77,0,0.00,0.00,2354.28,44.64,0
W-0166,2026-06-01,993.17,1823.13,1687.69,-829.96,0,0.00,0.00,1978.25,8.21,0
W-0166,2026-06-08,253.63,284.74,220.23,-31.11,0,0.00,0.00,1768.41,56.21,0
W-0166,2026-06-15,788.21,436.12,289.39,352.09,0,0.00,0.00,1399.29,33.85,0
W-0166,2026-06-22,347.39,548.17,361.11,-200.78,1,91.15,1.99,935.12,18.13,0
W-0166,2026-06-29,459.77,88.92,88.92,370.85,0,0.00,0.00,10460.20,823.45,0
W-0167,2026-03-30,461.71,1643.63,1312.39,-1181.92,0,0.00,0.00,3312.68,17.67,0
W-0167,2026-04-06,658.15,433.12,316.25,225.03,1,46.69,1.99,2916.49,64.55,0
W-0167,2026-04-13,512.74,206.12,99.00,306.62,0,0.00,0.00,1684.31,119.09,0
W-0167,2026-04-20,841.83,593.77,503.00,248.06,0,0.00,0.00,2526.14,35.16,0
W-0167,2026-04-27,550.18,1191.37,1102.22,-641.19,0,0.00,0.00,2059.82,13.08,0
W-0167,2026-05-04,510.95,339.15,264.60,171.80,0,0.00,0.00,1820.41,48.16,0
W-0167,2026-05-11,931.39,488.95,312.69,442.44,2,159.82,5.40,4518.66,101.16,0
W-0167,2026-05-18,565.99,534.22,415.43,31.77,0,0.00,0.00,920.50,15.51,0
W-0167,2026-05-25,623.65,397.05,353.35,226.60,0,0.00,0.00,5708.30,113.08,0
W-0167,2026-06-01,326.95,1107.75,1042.83,-780.80,0,0.00,0.00,393.69,2.64,0
W-0167,2026-06-08,706.29,210.83,163.51,495.46,0,0.00,0.00,6741.54,288.61,0
W-0167,2026-06-15,201.02,473.43,347.03,-272.41,1,30.78,2.15,6942.56,140.04,0
W-0167,2026-06-22,678.39,170.99,156.00,507.40,0,0.00,0.00,7620.95,341.97,0
W-0167,2026-06-29,101.86,5.00,5.00,96.86,0,0.00,0.00,-72.57,-101.6,1
W-0168,2026-03-30,461.86,1849.60,1702.68,-1387.74,0,0.00,0.00,5856.29,24.08,0
W-0168,2026-04-06,1207.24,755.15,699.58,452.09,0,0.00,0.00,4443.76,44.46,0
W-0168,2026-04-13,1097.93,438.86,363.64,659.07,1,54.56,3.82,4060.68,78.17,0
W-0168,2026-04-20,917.98,290.30,113.17,627.68,0,0.00,0.00,3920.37,242.49,0
W-0168,2026-04-27,524.06,2269.01,2005.39,-1744.95,0,0.00,0.00,3105.05,10.84,0
W-0168,2026-05-04,469.85,546.55,297.02,-76.70,0,0.00,0.00,2667.57,62.87,0
W-0168,2026-05-11,411.25,397.32,345.78,13.93,0,0.00,0.00,2332.50,47.22,0
W-0168,2026-05-18,714.28,590.92,462.77,123.36,1,110.69,5.53,1832.42,27.72,0
W-0168,2026-05-25,1111.66,739.33,601.17,372.33,0,0.00,0.00,1078.25,12.56,0
W-0168,2026-06-01,882.10,2030.69,1830.19,-1148.59,0,0.00,0.00,711.56,2.72,0
W-0168,2026-06-08,587.62,861.86,699.48,-274.24,0,0.00,0.00,-39.30,-0.39,1
W-0168,2026-06-15,1176.38,81.00,81.00,1095.38,0,0.00,0.00,9603.26,829.91,0
W-0168,2026-06-22,539.75,0.00,0.00,539.75,0,0.00,0.00,10128.49,,0
W-0168,2026-06-29,468.97,0.00,0.00,468.97,0,0.00,0.00,10559.19,,0
W-0169,2026-03-30,211.21,1791.10,1717.27,-1579.89,0,0.00,0.00,3508.35,14.3,0
W-0169,2026-04-06,828.29,332.92,146.00,495.37,0,0.00,0.00,3175.43,152.25,0
W-0169,2026-04-13,660.87,641.63,576.66,19.24,0,0.00,0.00,2766.44,33.58,0
W-0169,2026-04-20,644.46,252.96,208.95,391.50,0,0.00,0.00,2497.84,83.68,0
W-0169,2026-04-27,330.32,2191.04,2058.58,-1860.72,0,0.00,0.00,2009.98,6.83,0
W-0169,2026-05-04,749.31,319.96,279.46,429.35,0,0.00,0.00,1662.84,41.65,0
W-0169,2026-05-11,853.25,816.51,741.49,36.74,0,0.00,0.00,1175.18,11.09,0
W-0169,2026-05-18,686.02,575.04,420.19,110.98,0,0.00,0.00,4932.90,82.18,0
W-0169,2026-05-25,1190.17,224.68,65.52,965.49,1,76.89,2.31,5982.66,639.17,0
W-0169,2026-06-01,691.39,1783.34,1728.76,-1091.95,0,0.00,0.00,156.27,0.63,0
W-0169,2026-06-08,593.61,161.59,82.12,432.02,0,0.00,0.00,-5.32,-0.45,1
W-0169,2026-06-15,796.71,222.00,222.00,574.71,0,0.00,0.00,-10.32,-0.33,1
W-0169,2026-06-22,528.61,33.94,0.00,494.67,1,53.59,0.00,8991.58,,0
W-0169,2026-06-29,310.87,5.00,5.00,305.87,0,0.00,0.00,9144.80,12802.72,0
W-0170,2026-03-30,143.49,1922.49,1870.78,-1779.00,0,0.00,0.00,883.10,3.3,0
W-0170,2026-04-06,463.35,561.17,387.46,-97.82,0,0.00,0.00,396.24,7.16,0
W-0170,2026-04-13,317.07,493.87,425.98,-176.80,0,0.00,0.00,1290.74,21.21,0
W-0170,2026-04-20,622.81,220.14,174.00,402.67,0,0.00,0.00,1731.33,69.65,0
W-0170,2026-04-27,152.53,1675.00,1675.00,-1522.47,0,0.00,0.00,-44.08,-0.18,1
W-0170,2026-05-04,517.88,56.00,56.00,461.88,0,0.00,0.00,2583.96,323.0,0
W-0170,2026-05-11,698.11,0.00,0.00,698.11,0,0.00,0.00,2952.60,,0
W-0170,2026-05-18,703.29,353.00,353.00,350.29,0,0.00,0.00,4147.94,82.25,0
W-0170,2026-05-25,896.16,0.00,0.00,896.16,0,0.00,0.00,4881.52,,0
W-0170,2026-06-01,370.55,1739.83,1721.00,-1369.28,0,0.00,0.00,-67.91,-0.28,1
W-0170,2026-06-08,754.47,0.00,0.00,754.47,0,0.00,0.00,6115.60,,0
W-0170,2026-06-15,623.10,353.00,353.00,270.10,0,0.00,0.00,6731.23,133.48,0
W-0170,2026-06-22,554.70,0.00,0.00,554.70,0,0.00,0.00,7184.34,,0
W-0170,2026-06-29,122.25,5.00,5.00,117.25,0,0.00,0.00,7306.59,10229.23,0
W-0171,2026-03-30,441.31,2026.17,1941.82,-1584.86,0,0.00,0.00,831.10,3.0,0
W-0171,2026-04-06,551.45,373.52,267.93,177.93,0,0.00,0.00,1752.79,45.79,0
W-0171,2026-04-13,1087.67,583.18,500.20,504.49,0,0.00,0.00,2282.82,31.95,0
W-0171,2026-04-20,485.50,707.94,646.85,-222.44,0,0.00,0.00,722.05,7.81,0
W-0171,2026-04-27,998.90,2322.74,2252.97,-1323.84,0,0.00,0.00,94.93,0.29,0
W-0171,2026-05-04,253.80,125.54,105.55,128.26,0,0.00,0.00,3941.21,261.38,0
W-0171,2026-05-11,1050.61,182.00,182.00,868.61,2,148.13,2.39,5071.63,195.06,0
W-0171,2026-05-18,478.46,89.03,47.00,389.43,1,56.57,2.83,5371.14,799.96,0
W-0171,2026-05-25,529.11,177.00,177.00,352.11,0,0.00,0.00,6079.20,240.42,0
W-0171,2026-06-01,254.39,1614.85,1555.00,-1360.46,0,0.00,0.00,6333.59,28.51,0
W-0171,2026-06-08,801.04,203.91,177.00,597.13,0,0.00,0.00,7134.63,282.16,0
W-0171,2026-06-15,394.79,9.29,0.00,385.50,0,0.00,0.00,7631.82,,0
W-0171,2026-06-22,733.11,255.42,224.00,477.69,0,0.00,0.00,7943.67,248.24,0
W-0171,2026-06-29,242.93,0.00,0.00,242.93,0,0.00,0.00,8384.37,,0
W-0172,2026-03-30,419.16,1772.35,1682.25,-1353.19,1,64.85,3.24,1683.33,7.0,0
W-0172,2026-04-06,414.19,456.63,317.19,-42.44,1,83.24,5.83,1407.70,31.07,0
W-0172,2026-04-13,406.50,1366.39,1264.31,-959.89,0,0.00,0.00,81.28,0.45,0
W-0172,2026-04-20,881.29,275.63,178.00,605.66,0,0.00,0.00,2117.74,83.28,0
W-0172,2026-04-27,574.43,1479.00,1479.00,-904.57,0,0.00,0.00,4532.68,21.45,0
W-0172,2026-05-04,591.89,102.00,102.00,489.89,0,0.00,0.00,3128.53,214.7,0
W-0172,2026-05-11,530.83,79.00,79.00,451.83,0,0.00,0.00,4019.92,356.2,0
W-0172,2026-05-18,385.24,178.00,178.00,207.24,1,47.65,1.99,4528.09,178.07,0
W-0172,2026-05-25,531.51,0.00,0.00,531.51,0,0.00,0.00,4936.67,,0
W-0172,2026-06-01,399.34,1581.00,1581.00,-1181.66,0,0.00,0.00,1976.68,8.75,0
W-0172,2026-06-08,988.24,79.00,79.00,909.24,0,0.00,0.00,5872.82,520.38,0
W-0172,2026-06-15,606.05,183.00,183.00,423.05,0,0.00,0.00,6657.11,254.64,0
W-0172,2026-06-22,404.76,15.24,5.00,389.52,0,0.00,0.00,-76.56,-107.18,1
W-0172,2026-06-29,155.62,0.00,0.00,155.62,1,41.49,1.99,7490.68,,0
W-0173,2026-03-30,537.01,1182.43,1099.09,-645.42,0,0.00,0.00,244.47,1.56,0
W-0173,2026-04-06,632.35,980.89,958.60,-348.54,0,0.00,0.00,2186.98,15.97,0
W-0173,2026-04-13,418.36,412.77,363.79,5.59,0,0.00,0.00,1854.20,35.68,0
W-0173,2026-04-20,655.31,265.81,133.24,389.50,0,0.00,0.00,1588.39,83.45,0
W-0173,2026-04-27,420.70,1127.46,1097.23,-706.76,0,0.00,0.00,2980.18,19.01,0
W-0173,2026-05-04,705.02,1120.72,1044.12,-415.70,0,0.00,0.00,801.21,5.37,0
W-0173,2026-05-11,767.93,534.33,281.55,233.60,0,0.00,0.00,291.87,7.26,0
W-0173,2026-05-18,224.30,376.80,311.13,-152.50,0,0.00,0.00,-29.93,-0.67,1
W-0173,2026-05-25,679.24,79.00,79.00,600.24,0,0.00,0.00,4972.07,440.56,0
W-0173,2026-06-01,578.74,1418.87,1392.00,-840.13,0,0.00,0.00,-66.80,-0.34,1
W-0173,2026-06-08,441.44,24.99,0.00,416.45,0,0.00,0.00,6041.87,,0
W-0173,2026-06-15,492.34,65.00,65.00,427.34,0,0.00,0.00,-76.80,-8.27,1
W-0173,2026-06-22,624.66,126.21,79.00,498.45,0,0.00,0.00,3043.27,269.66,0
W-0173,2026-06-29,329.11,5.00,5.00,324.11,0,0.00,0.00,7471.89,10460.65,0
W-0174,2026-03-30,237.12,1219.69,1130.98,-982.57,0,0.00,0.00,447.44,2.77,0
W-0174,2026-04-06,567.41,1175.91,1084.60,-608.50,0,0.00,0.00,1136.35,7.33,0
W-0174,2026-04-13,615.58,523.55,404.98,92.03,0,0.00,0.00,986.63,17.05,0
W-0174,2026-04-20,738.54,471.48,371.64,267.06,0,0.00,0.00,515.15,9.7,0
W-0174,2026-04-27,0.00,1141.79,1004.02,-1141.79,0,0.00,0.00,227.36,1.59,0
W-0174,2026-05-04,284.70,906.58,768.39,-621.88,0,0.00,0.00,18.78,0.17,0
W-0174,2026-05-11,648.62,101.01,101.01,547.61,0,0.00,0.00,3553.09,246.23,0
W-0174,2026-05-18,409.32,30.73,5.00,378.59,0,0.00,0.00,-65.96,-92.34,1
W-0174,2026-05-25,726.29,83.15,0.00,643.14,0,0.00,0.00,4559.40,,0
W-0174,2026-06-01,535.60,1557.00,1557.00,-1021.40,0,0.00,0.00,2306.78,10.37,0
W-0174,2026-06-08,739.85,52.00,52.00,687.85,0,0.00,0.00,-159.11,-21.42,1
W-0174,2026-06-15,645.79,0.00,0.00,645.79,0,0.00,0.00,6171.69,,0
W-0174,2026-06-22,533.45,0.00,0.00,533.45,0,0.00,0.00,7014.09,,0
W-0174,2026-06-29,89.69,5.00,5.00,84.69,0,0.00,0.00,7103.78,9945.29,0
W-0175,2026-03-30,432.48,360.45,186.93,72.03,0,0.00,0.00,12831.31,480.5,0
W-0175,2026-04-06,656.78,398.50,303.97,258.28,0,0.00,0.00,12432.81,286.31,0
W-0175,2026-04-13,1229.90,1500.96,1322.15,-271.06,0,0.00,0.00,2418.80,12.81,0
W-0175,2026-04-20,1532.05,454.32,273.12,1077.73,0,0.00,0.00,4315.30,110.6,0
W-0175,2026-04-27,1026.08,336.19,226.43,689.89,0,0.00,0.00,11291.34,349.07,0
W-0175,2026-05-04,1223.73,277.57,235.65,946.16,0,0.00,0.00,6059.56,180.0,0
W-0175,2026-05-11,1011.74,1489.27,1320.83,-477.53,0,0.00,0.00,10612.50,56.24,0
W-0175,2026-05-18,1606.76,400.93,317.89,1205.83,0,0.00,0.00,8910.56,196.21,0
W-0175,2026-05-25,1536.37,570.41,490.23,965.96,0,0.00,0.00,11023.00,157.4,0
W-0175,2026-06-01,1805.00,615.13,536.67,1189.87,0,0.00,0.00,9088.03,118.54,0
W-0175,2026-06-08,902.24,460.59,222.90,441.65,0,0.00,0.00,8642.46,271.41,0
W-0175,2026-06-15,1893.49,1506.89,1446.02,386.60,0,0.00,0.00,8208.55,39.74,0
W-0175,2026-06-22,728.08,616.61,471.74,111.47,0,0.00,0.00,7591.94,112.65,0
W-0175,2026-06-29,804.02,267.87,169.07,536.15,0,0.00,0.00,16579.76,686.45,0
W-0176,2026-03-30,596.99,1167.69,1124.00,-570.70,0,0.00,0.00,733.00,4.56,0
W-0176,2026-04-06,521.25,343.02,292.00,178.23,0,0.00,0.00,8687.27,208.26,0
W-0176,2026-04-13,1157.31,851.10,706.00,306.21,0,0.00,0.00,8116.87,80.48,0
W-0176,2026-04-20,1244.79,517.90,244.64,726.89,0,0.00,0.00,7597.89,217.4,0
W-0176,2026-04-27,838.03,1184.94,873.70,-346.91,0,0.00,0.00,4494.38,36.01,0
W-0176,2026-05-04,848.17,684.73,594.80,163.44,0,0.00,0.00,6625.63,77.97,0
W-0176,2026-05-11,726.25,543.43,394.96,182.82,0,0.00,0.00,6068.80,107.56,0
W-0176,2026-05-18,1350.97,586.42,452.35,764.55,0,0.00,0.00,7778.69,120.37,0
W-0176,2026-05-25,1431.09,834.02,543.34,597.07,0,0.00,0.00,8850.86,114.03,0
W-0176,2026-06-01,1168.99,1406.94,1350.32,-237.95,0,0.00,0.00,4554.41,23.61,0
W-0176,2026-06-08,465.56,518.73,424.24,-53.17,0,0.00,0.00,9564.58,157.82,0
W-0176,2026-06-15,918.09,408.23,257.04,509.86,0,0.00,0.00,3673.43,100.04,0
W-0176,2026-06-22,1119.05,533.04,430.00,586.01,0,0.00,0.00,3428.39,55.81,0
W-0176,2026-06-29,486.03,28.73,28.73,457.30,0,0.00,0.00,3399.66,828.32,0
W-0177,2026-03-30,419.65,1928.87,1802.39,-1509.22,0,0.00,0.00,1337.66,5.2,0
W-0177,2026-04-06,273.60,836.14,761.11,-562.54,0,0.00,0.00,658.25,6.05,0
W-0177,2026-04-13,719.88,377.39,214.28,342.49,0,0.00,0.00,399.02,13.04,0
W-0177,2026-04-20,771.19,356.69,180.68,414.50,0,0.00,0.00,2116.08,81.98,0
W-0177,2026-04-27,788.72,1549.54,1542.00,-760.82,2,146.79,1.99,3224.86,14.64,0
W-0177,2026-05-04,328.46,237.03,184.00,91.43,0,0.00,0.00,3607.03,137.22,0
W-0177,2026-05-11,530.71,91.00,91.00,439.71,0,0.00,0.00,3965.28,305.02,0
W-0177,2026-05-18,539.18,0.00,0.00,539.18,0,0.00,0.00,4504.46,,0
W-0177,2026-05-25,499.93,0.00,0.00,499.93,1,42.26,1.99,5004.39,,0
W-0177,2026-06-01,338.44,1532.00,1532.00,-1193.56,0,0.00,0.00,5436.02,24.84,0
W-0177,2026-06-08,640.56,184.00,184.00,456.56,0,0.00,0.00,5983.39,227.63,0
W-0177,2026-06-15,589.34,81.00,81.00,508.34,0,0.00,0.00,6292.07,543.76,0
W-0177,2026-06-22,399.85,5.00,5.00,394.85,0,0.00,0.00,-80.40,-112.56,1
W-0177,2026-06-29,125.68,37.41,0.00,88.27,0,0.00,0.00,-117.81,,1
W-0178,2026-03-30,0.00,2042.54,1997.92,-2042.54,0,0.00,0.00,6966.26,24.41,0
W-0178,2026-04-06,602.40,376.85,286.46,225.55,1,164.14,1.99,6676.41,163.15,0
W-0178,2026-04-13,1634.52,226.09,118.47,1408.43,0,0.00,0.00,2200.00,129.99,0
W-0178,2026-04-20,470.69,371.52,302.52,99.17,0,0.00,0.00,6156.80,142.46,0
W-0178,2026-04-27,592.27,2608.14,2475.58,-2015.87,0,0.00,0.00,5434.66,15.37,0
W-0178,2026-05-04,888.68,431.07,411.08,457.61,0,0.00,0.00,5023.58,85.54,0
W-0178,2026-05-11,733.83,664.69,569.31,69.14,0,0.00,0.00,4445.89,54.66,0
W-0178,2026-05-18,1028.01,372.87,189.18,655.14,0,0.00,0.00,5975.77,221.11,0
W-0178,2026-05-25,850.74,339.17,281.12,511.57,3,184.59,7.47,3827.87,95.32,0
W-0178,2026-06-01,1336.48,2050.51,1930.19,-714.03,1,82.10,4.10,3667.33,13.3,0
W-0178,2026-06-08,1037.29,353.77,194.16,683.52,1,59.96,1.99,3411.38,122.99,0
W-0178,2026-06-15,1294.76,115.35,99.82,1179.41,2,146.58,4.43,10707.15,750.85,0
W-0178,2026-06-22,1712.71,264.02,203.01,1448.69,0,0.00,0.00,12857.13,443.33,0
W-0178,2026-06-29,895.92,278.83,204.43,617.09,0,0.00,0.00,13079.86,447.87,0
W-0179,2026-03-30,428.81,1370.90,1357.77,-942.09,0,0.00,0.00,3480.77,17.95,0
W-0179,2026-04-06,412.45,416.68,268.52,-4.23,0,0.00,0.00,3237.57,84.4,0
W-0179,2026-04-13,447.29,406.84,330.25,40.45,0,0.00,0.00,2667.24,56.53,0
W-0179,2026-04-20,263.90,585.08,328.22,-321.18,0,0.00,0.00,1752.23,37.37,0
W-0179,2026-04-27,271.70,1863.25,1636.27,-1591.55,0,0.00,0.00,1372.91,5.87,0
W-0179,2026-05-04,832.57,411.54,310.83,421.03,0,0.00,0.00,971.36,21.88,0
W-0179,2026-05-11,603.69,268.77,236.08,334.92,0,0.00,0.00,3384.03,100.34,0
W-0179,2026-05-18,380.50,483.52,438.08,-103.02,0,0.00,0.00,3871.01,61.85,0
W-0179,2026-05-25,698.18,264.27,177.48,433.91,0,0.00,0.00,-3.20,-0.13,1
W-0179,2026-06-01,413.09,1117.00,1117.00,-703.91,0,0.00,0.00,4797.41,30.06,0
W-0179,2026-06-08,634.59,9.99,0.00,624.60,0,0.00,0.00,5392.06,,0
W-0179,2026-06-15,517.02,42.00,42.00,475.02,0,0.00,0.00,3769.64,628.27,0
W-0179,2026-06-22,405.86,0.00,0.00,405.86,0,0.00,0.00,6362.52,,0
W-0179,2026-06-29,798.37,0.00,0.00,798.37,0,0.00,0.00,7231.64,,0
W-0180,2026-03-30,163.81,1505.24,1378.30,-1341.43,0,0.00,0.00,5880.07,29.86,0
W-0180,2026-04-06,818.22,502.18,286.91,316.04,0,0.00,0.00,5255.70,128.23,0
W-0180,2026-04-13,109.80,874.34,762.13,-764.54,0,0.00,0.00,4448.36,40.86,0
W-0180,2026-04-20,1022.13,487.53,331.56,534.60,0,0.00,0.00,3960.83,83.62,0
W-0180,2026-04-27,786.62,1438.74,1383.85,-652.12,1,38.50,0.00,3707.65,18.75,0
W-0180,2026-05-04,738.32,164.53,112.27,573.79,1,100.82,0.00,3768.28,234.95,0
W-0180,2026-05-11,976.64,417.98,362.31,558.66,0,0.00,0.00,4895.47,94.58,0
W-0180,2026-05-18,681.47,557.91,436.08,123.56,0,0.00,0.00,2563.67,41.15,0
W-0180,2026-05-25,1119.42,316.43,210.15,802.99,1,64.09,3.20,2247.24,74.85,0
W-0180,2026-06-01,1045.00,1755.51,1569.97,-710.51,1,101.15,0.00,7741.36,34.52,0
W-0180,2026-06-08,454.05,568.92,428.75,-114.87,1,61.50,1.99,1104.81,18.04,0
W-0180,2026-06-15,831.66,495.01,415.80,336.65,0,0.00,0.00,9027.07,151.97,0
W-0180,2026-06-22,480.04,560.02,468.73,-79.98,1,72.10,5.05,49.78,0.74,0
W-0180,2026-06-29,187.01,159.68,159.68,27.33,0,0.00,0.00,9694.12,424.97,0
W-0181,2026-03-30,769.39,1065.67,926.07,-296.28,0,0.00,0.00,871.53,6.59,0
W-0181,2026-04-06,931.13,647.00,429.37,284.13,0,0.00,0.00,1802.66,29.39,0
W-0181,2026-04-13,978.86,645.99,494.87,332.87,0,0.00,0.00,2781.52,39.34,0
W-0181,2026-04-20,478.81,389.15,247.62,89.66,0,0.00,0.00,7076.98,200.06,0
W-0181,2026-04-27,922.68,1356.76,1199.94,-434.08,0,0.00,0.00,4183.01,24.4,0
W-0181,2026-05-04,587.72,363.26,310.77,224.46,0,0.00,0.00,6239.96,140.55,0
W-0181,2026-05-11,1216.84,509.43,268.90,707.41,0,0.00,0.00,5814.53,151.36,0
W-0181,2026-05-18,1141.96,480.97,325.12,660.99,0,0.00,0.00,7129.53,153.5,0
W-0181,2026-05-25,920.18,154.34,97.34,765.84,0,0.00,0.00,8049.71,578.88,0
W-0181,2026-06-01,912.38,1309.85,1126.88,-397.47,0,0.00,0.00,8962.09,55.67,0
W-0181,2026-06-08,969.07,632.76,201.11,336.31,0,0.00,0.00,4139.60,144.09,0
W-0181,2026-06-15,687.36,457.81,238.04,229.55,0,0.00,0.00,10618.52,312.26,0
W-0181,2026-06-22,1002.11,332.31,223.94,669.80,0,0.00,0.00,3453.47,107.95,0
W-0181,2026-06-29,178.14,138.74,138.74,39.40,0,0.00,0.00,11798.77,595.3,0
W-0182,2026-03-30,326.56,1020.52,1020.52,-693.96,0,0.00,0.00,7563.19,51.88,0
W-0182,2026-04-06,908.62,604.22,315.42,304.40,0,0.00,0.00,7074.68,157.01,0
W-0182,2026-04-13,498.01,1041.09,620.32,-543.08,1,157.24,0.00,6427.84,72.53,0
W-0182,2026-04-20,1174.96,383.61,383.61,791.35,0,0.00,0.00,3255.13,59.4,0
W-0182,2026-04-27,870.25,934.03,934.03,-63.78,0,0.00,0.00,3766.86,28.23,0
W-0182,2026-05-04,556.17,747.66,568.01,-191.49,0,0.00,0.00,5005.57,61.69,0
W-0182,2026-05-11,833.90,753.06,697.78,80.84,2,175.58,1.99,4664.50,46.79,0
W-0182,2026-05-18,1241.73,613.71,452.96,628.02,0,0.00,0.00,6683.80,103.29,0
W-0182,2026-05-25,1107.55,147.39,82.93,960.16,1,77.40,2.32,3995.40,337.25,0
W-0182,2026-06-01,676.36,1111.43,979.40,-435.07,0,0.00,0.00,3556.36,25.42,0
W-0182,2026-06-08,771.42,673.04,592.02,98.38,1,80.50,0.00,9144.18,108.12,0
W-0182,2026-06-15,1339.84,800.00,632.53,539.84,1,70.08,0.00,10484.02,116.02,0
W-0182,2026-06-22,477.27,520.01,320.14,-42.74,0,0.00,0.00,2104.20,46.01,0
W-0182,2026-06-29,432.39,48.56,0.00,383.83,0,0.00,0.00,11393.68,,0
W-0183,2026-03-30,0.00,218.25,133.15,-218.25,0,0.00,0.00,5367.13,282.16,0
W-0183,2026-04-06,884.07,167.67,88.37,716.40,3,203.67,7.91,1086.33,86.05,0
W-0183,2026-04-13,652.33,2187.08,2155.70,-1534.75,1,71.49,2.14,4644.64,15.08,0
W-0183,2026-04-20,1003.04,643.83,530.75,359.21,0,0.00,0.00,2999.41,39.56,0
W-0183,2026-04-27,660.06,328.61,247.50,331.45,0,0.00,0.00,3607.25,102.02,0
W-0183,2026-05-04,881.07,537.80,398.97,343.27,0,0.00,0.00,3043.64,53.4,0
W-0183,2026-05-11,523.07,2173.78,2133.17,-1650.71,0,0.00,0.00,2458.42,8.07,0
W-0183,2026-05-18,545.86,305.13,206.11,240.73,0,0.00,0.00,2128.73,72.3,0
W-0183,2026-05-25,468.06,531.50,482.11,-63.44,0,0.00,0.00,1597.23,23.19,0
W-0183,2026-06-01,1048.51,460.83,414.28,587.68,0,0.00,0.00,1136.40,19.2,0
W-0183,2026-06-08,937.05,466.21,434.43,470.84,1,70.39,2.11,8287.18,133.53,0
W-0183,2026-06-15,1184.80,1795.77,1586.37,-610.97,0,0.00,0.00,8691.50,38.35,0
W-0183,2026-06-22,964.84,213.06,99.70,751.78,0,0.00,0.00,225.36,15.82,0
W-0183,2026-06-29,175.21,136.68,136.68,38.53,0,0.00,0.00,88.68,4.54,0
W-0184,2026-03-30,300.32,140.16,76.01,160.16,1,34.11,2.39,670.55,61.75,0
W-0184,2026-04-06,214.45,284.10,211.64,-69.65,0,0.00,0.00,885.00,29.27,0
W-0184,2026-04-13,1091.83,2421.03,2195.09,-1329.20,1,55.78,0.00,3164.27,10.09,0
W-0184,2026-04-20,1384.57,632.83,447.11,751.74,1,84.11,1.99,3361.40,52.63,0
W-0184,2026-04-27,488.57,804.16,650.90,-315.59,0,0.00,0.00,1926.89,20.72,0
W-0184,2026-05-04,647.58,695.04,500.04,-47.46,1,35.55,1.99,1214.37,17.0,0
W-0184,2026-05-11,464.30,2076.12,2008.91,-1611.82,1,125.02,6.25,5363.18,18.69,0
W-0184,2026-05-18,895.75,923.39,804.87,-27.64,0,0.00,0.00,349.90,3.04,0
W-0184,2026-05-25,724.06,599.72,446.39,124.34,0,0.00,0.00,-262.01,-4.11,1
W-0184,2026-06-01,922.00,92.88,0.00,829.12,0,0.00,0.00,7503.66,,0
W-0184,2026-06-08,741.11,0.00,0.00,741.11,1,84.18,1.99,8344.69,,0
W-0184,2026-06-15,1186.08,2165.70,2138.00,-979.62,1,25.67,1.99,-387.59,-1.27,1
W-0184,2026-06-22,926.61,29.99,5.00,896.62,0,0.00,0.00,10198.04,14277.26,0
W-0184,2026-06-29,115.07,0.00,0.00,115.07,0,0.00,0.00,10472.53,,0
W-0185,2026-03-30,548.40,1227.08,1160.83,-678.68,0,0.00,0.00,865.17,5.22,0
W-0185,2026-04-06,600.95,142.55,31.35,458.40,1,63.90,1.99,1466.12,327.36,0
W-0185,2026-04-13,691.55,1034.58,977.77,-343.03,0,0.00,0.00,5385.99,38.56,0
W-0185,2026-04-20,767.46,372.44,241.32,395.02,0,0.00,0.00,2925.13,84.85,0
W-0185,2026-04-27,382.54,1158.17,958.13,-775.63,0,0.00,0.00,4611.38,33.69,0
W-0185,2026-05-04,1043.97,365.77,255.37,678.20,0,0.00,0.00,4351.64,119.28,0
W-0185,2026-05-11,676.49,785.68,598.66,-109.19,0,0.00,0.00,3643.92,42.61,0
W-0185,2026-05-18,634.50,461.85,382.31,172.65,0,0.00,0.00,5662.63,103.68,0
W-0185,2026-05-25,845.86,452.82,376.99,393.04,0,0.00,0.00,6508.49,120.85,0
W-0185,2026-06-01,1202.55,1242.16,1160.57,-39.61,0,0.00,0.00,2332.09,14.07,0
W-0185,2026-06-08,717.02,691.76,668.65,25.26,0,0.00,0.00,1640.33,17.17,0
W-0185,2026-06-15,334.72,465.72,382.58,-131.00,0,0.00,0.00,1447.60,26.49,0
W-0185,2026-06-22,755.80,685.31,611.98,70.49,0,0.00,0.00,9518.58,108.88,0
W-0185,2026-06-29,329.60,137.97,39.58,191.63,0,0.00,0.00,9848.18,1741.72,0
W-0186,2026-03-30,184.19,1544.36,1426.22,-1360.17,0,0.00,0.00,6849.64,33.62,0
W-0186,2026-04-06,563.28,482.96,276.37,80.32,1,105.78,5.29,6301.64,159.61,0
W-0186,2026-04-13,532.10,815.93,667.61,-283.83,1,105.08,5.25,5485.71,57.52,0
W-0186,2026-04-20,881.42,338.15,251.71,543.27,0,0.00,0.00,5305.56,147.55,0
W-0186,2026-04-27,933.05,1302.76,1064.28,-369.71,1,58.43,1.99,4871.47,32.04,0
W-0186,2026-05-04,1070.14,542.67,314.83,527.47,0,0.00,0.00,4316.12,95.97,0
W-0186,2026-05-11,633.06,533.59,442.52,99.47,0,0.00,0.00,3782.53,59.83,0
W-0186,2026-05-18,909.66,516.93,239.41,392.73,0,0.00,0.00,3420.33,100.01,0
W-0186,2026-05-25,766.11,866.84,716.01,-100.73,1,106.61,3.20,2556.76,25.0,0
W-0186,2026-06-01,788.55,1614.32,1529.47,-825.77,0,0.00,0.00,2036.31,9.32,0
W-0186,2026-06-08,474.62,461.77,227.61,12.85,1,78.10,3.90,1457.80,44.83,0
W-0186,2026-06-15,1396.41,708.71,478.14,687.70,0,0.00,0.00,627.95,9.19,0
W-0186,2026-06-22,834.71,422.87,184.44,411.84,1,33.17,2.32,363.08,13.78,0
W-0186,2026-06-29,198.05,39.97,21.72,158.08,0,0.00,0.00,10514.94,3388.79,0
W-0187,2026-03-30,243.74,2088.00,2088.00,-1844.26,0,0.00,0.00,437.21,1.47,0
W-0187,2026-04-06,108.65,24.99,5.00,83.66,1,71.29,4.99,-7.44,-10.42,1
W-0187,2026-04-13,660.28,164.17,134.00,496.11,1,72.75,2.18,1308.85,68.37,0
W-0187,2026-04-20,342.74,94.00,94.00,248.74,0,0.00,0.00,1651.59,122.99,0
W-0187,2026-04-27,780.64,2088.00,2088.00,-1307.36,2,71.58,1.99,2432.23,8.15,0
W-0187,2026-05-04,297.14,15.00,15.00,282.14,0,0.00,0.00,-87.60,-40.88,1
W-0187,2026-05-11,323.35,129.00,129.00,194.35,0,0.00,0.00,2876.00,156.06,0
W-0187,2026-05-18,515.75,94.00,94.00,421.75,1,85.41,0.00,3448.86,256.83,0
W-0187,2026-05-25,311.60,47.00,47.00,264.60,0,0.00,0.00,59.55,8.87,0
W-0187,2026-06-01,632.67,2041.00,2041.00,-1408.33,0,0.00,0.00,4512.74,15.48,0
W-0187,2026-06-08,634.36,148.99,129.00,485.37,1,73.43,3.67,561.55,30.47,0
W-0187,2026-06-15,905.35,94.00,94.00,811.35,0,0.00,0.00,6052.45,450.71,0
W-0187,2026-06-22,373.35,0.00,0.00,373.35,1,115.16,5.76,6425.80,,0
W-0187,2026-06-29,504.75,0.00,0.00,504.75,0,0.00,0.00,6930.55,,0
W-0188,2026-03-30,244.74,432.09,413.97,-187.35,0,0.00,0.00,1896.35,32.07,0
W-0188,2026-04-06,464.91,350.11,213.60,114.80,0,0.00,0.00,884.14,28.97,0
W-0188,2026-04-13,514.06,1357.77,1332.76,-843.71,0,0.00,0.00,1398.20,7.34,0
W-0188,2026-04-20,522.46,890.40,563.18,-367.94,0,0.00,0.00,551.46,6.85,0
W-0188,2026-04-27,783.60,262.27,120.94,521.33,0,0.00,0.00,2704.26,156.52,0
W-0188,2026-05-04,513.69,576.37,536.40,-62.68,0,0.00,0.00,3217.95,41.99,0
W-0188,2026-05-11,449.62,1135.99,1111.00,-686.37,0,0.00,0.00,3667.57,23.11,0
W-0188,2026-05-18,448.72,0.00,0.00,448.72,1,30.68,0.00,4116.29,,0
W-0188,2026-05-25,278.24,167.66,80.00,110.58,0,0.00,0.00,4394.53,384.52,0
W-0188,2026-06-01,633.38,200.00,200.00,433.38,0,0.00,0.00,5027.91,175.98,0
W-0188,2026-06-08,672.30,126.68,80.00,545.62,0,0.00,0.00,5700.21,498.77,0
W-0188,2026-06-15,123.91,1045.04,1031.00,-921.13,0,0.00,0.00,5824.12,39.54,0
W-0188,2026-06-22,617.29,80.00,80.00,537.29,0,0.00,0.00,6441.41,563.62,0
W-0189,2026-03-30,203.65,1469.49,1328.19,-1265.84,0,0.00,0.00,2033.43,10.72,0
W-0189,2026-04-06,469.05,423.85,335.40,45.20,0,0.00,0.00,872.65,18.21,0
W-0189,2026-04-13,297.32,1400.53,1238.02,-1103.21,0,0.00,0.00,1237.11,6.99,0
W-0189,2026-04-20,887.96,611.17,485.95,276.79,0,0.00,0.00,472.00,6.8,0
W-0189,2026-04-27,384.55,1324.05,1244.17,-939.50,0,0.00,0.00,-78.05,-0.44,1
W-0189,2026-05-04,541.56,184.68,144.00,356.88,0,0.00,0.00,-118.73,-5.77,1
W-0189,2026-05-11,441.20,972.19,918.00,-530.99,0,0.00,0.00,-162.93,-1.24,1
W-0189,2026-05-18,626.35,0.00,0.00,626.35,0,0.00,0.00,4051.59,,0
W-0189,2026-05-25,392.14,0.00,0.00,392.14,0,0.00,0.00,4373.82,,0
W-0189,2026-06-01,1161.01,923.00,923.00,238.01,0,0.00,0.00,5174.61,39.24,0
W-0189,2026-06-08,557.61,85.50,5.00,472.11,0,0.00,0.00,6164.20,8629.88,0
W-0189,2026-06-15,710.89,968.21,918.00,-257.32,0,0.00,0.00,6583.29,50.2,0
W-0189,2026-06-22,487.36,0.00,0.00,487.36,0,0.00,0.00,7360.60,,0
W-0189,2026-06-29,708.42,0.00,0.00,708.42,0,0.00,0.00,7634.44,,0
W-0190,2026-03-30,258.49,1917.01,1826.45,-1658.52,0,0.00,0.00,3950.93,15.14,0
W-0190,2026-04-06,854.90,706.20,511.58,148.70,0,0.00,0.00,1368.65,18.73,0
W-0190,2026-04-13,839.93,826.43,713.65,13.50,0,0.00,0.00,2192.57,21.51,0
W-0190,2026-04-20,802.62,210.77,81.31,591.85,0,0.00,0.00,2376.58,204.6,0
W-0190,2026-04-27,646.44,2022.52,1827.17,-1376.08,0,0.00,0.00,2100.75,8.05,0
W-0190,2026-05-04,552.64,403.84,355.76,148.80,0,0.00,0.00,4063.32,79.95,0
W-0190,2026-05-11,1244.10,722.24,485.33,521.86,0,0.00,0.00,1169.05,16.86,0
W-0190,2026-05-18,647.36,267.28,112.19,380.08,0,0.00,0.00,894.69,55.82,0
W-0190,2026-05-25,742.74,413.34,287.77,329.40,0,0.00,0.00,569.35,13.85,0
W-0190,2026-06-01,479.01,2083.95,1956.70,-1604.94,0,0.00,0.00,7176.53,25.67,0
W-0190,2026-06-08,1053.19,332.19,295.07,721.00,0,0.00,0.00,8025.94,190.4,0
W-0190,2026-06-15,660.33,19.99,5.00,640.34,0,0.00,0.00,-20.79,-29.11,1
W-0190,2026-06-22,605.91,93.00,93.00,512.91,0,0.00,0.00,9318.52,701.39,0
W-0190,2026-06-29,497.01,0.00,0.00,497.01,0,0.00,0.00,9992.97,,0
W-0191,2026-03-30,241.26,425.22,389.02,-183.96,0,0.00,0.00,1325.93,23.86,0
W-0191,2026-04-06,614.89,292.04,182.18,322.85,0,0.00,0.00,1370.74,52.67,0
W-0191,2026-04-13,457.79,1896.91,1844.80,-1439.12,0,0.00,0.00,532.07,2.02,0
W-0191,2026-04-20,641.27,540.05,508.18,101.22,0,0.00,0.00,2416.08,33.28,0
W-0191,2026-04-27,428.85,0.00,0.00,428.85,0,0.00,0.00,2889.76,,0
W-0191,2026-05-04,518.12,202.50,157.00,315.62,0,0.00,0.00,-28.49,-1.27,1
W-0191,2026-05-11,685.38,1462.00,1462.00,-776.62,0,0.00,0.00,3936.02,18.85,0
W-0191,2026-05-18,519.40,0.00,0.00,519.40,0,0.00,0.00,4095.66,,0
W-0191,2026-05-25,218.51,25.19,5.00,193.32,0,0.00,0.00,4673.93,6543.5,0
W-0191,2026-06-01,305.27,113.99,89.00,191.28,0,0.00,0.00,1582.22,124.44,0
W-0191,2026-06-08,325.00,111.53,68.00,213.47,0,0.00,0.00,-102.21,-10.52,1
W-0191,2026-06-15,413.81,1474.90,1457.00,-1061.09,0,0.00,0.00,5599.62,26.9,0
W-0191,2026-06-22,523.10,0.00,0.00,523.10,0,0.00,0.00,6159.94,,0
W-0191,2026-06-29,183.11,0.00,0.00,183.11,0,0.00,0.00,6424.22,,0
W-0192,2026-03-30,194.90,1034.41,973.76,-839.51,0,0.00,0.00,5515.56,39.65,0
W-0192,2026-04-06,581.99,378.55,284.92,203.44,0,0.00,0.00,1223.31,30.05,0
W-0192,2026-04-13,1221.41,421.08,307.81,800.33,0,0.00,0.00,2444.72,55.6,0
W-0192,2026-04-20,561.12,971.21,775.35,-410.09,0,0.00,0.00,3005.84,27.14,0
W-0192,2026-04-27,693.35,1253.57,1062.09,-560.22,2,84.33,4.21,3699.19,24.38,0
W-0192,2026-05-04,938.94,327.45,292.37,611.49,1,56.33,0.00,3412.69,81.71,0
W-0192,2026-05-11,336.86,472.49,288.82,-135.63,0,0.00,0.00,3101.20,75.16,0
W-0192,2026-05-18,1039.30,303.51,159.09,735.79,0,0.00,0.00,6014.29,264.63,0
W-0192,2026-05-25,761.24,674.44,311.66,86.80,0,0.00,0.00,2309.24,51.87,0
W-0192,2026-06-01,426.68,1190.64,1031.16,-763.96,0,0.00,0.00,7202.21,48.89,0
W-0192,2026-06-08,384.65,636.46,448.30,-251.81,0,0.00,0.00,1524.26,23.8,0
W-0192,2026-06-15,1068.67,287.72,215.58,780.95,1,54.91,2.75,8655.53,281.05,0
W-0192,2026-06-22,530.58,519.06,364.70,11.52,2,211.00,8.17,9186.11,176.32,0
W-0192,2026-06-29,136.83,70.81,70.81,66.02,0,0.00,0.00,9322.94,921.63,0
W-0193,2026-03-30,132.13,2459.00,2459.00,-2326.87,0,0.00,0.00,493.85,1.41,0
W-0193,2026-04-06,595.01,57.00,57.00,538.01,0,0.00,0.00,1432.43,175.91,0
W-0193,2026-04-13,835.07,0.00,0.00,835.07,0,0.00,0.00,1820.21,,0
W-0193,2026-04-20,493.57,189.00,189.00,304.57,0,0.00,0.00,2794.98,103.52,0
W-0193,2026-04-27,742.59,2459.00,2459.00,-1716.41,0,0.00,0.00,2812.63,8.01,0
W-0193,2026-05-04,519.28,0.00,0.00,519.28,0,0.00,0.00,3416.82,,0
W-0193,2026-05-11,495.88,71.99,52.00,423.89,0,0.00,0.00,4071.53,548.09,0
W-0193,2026-05-18,428.15,142.31,0.00,285.84,0,0.00,0.00,-353.31,,1
W-0193,2026-05-25,614.66,219.65,189.00,395.01,0,0.00,0.00,5114.34,189.42,0
W-0193,2026-06-01,582.60,2459.00,2459.00,-1876.40,0,0.00,0.00,5696.94,16.22,0
W-0193,2026-06-08,700.81,57.00,57.00,643.81,0,0.00,0.00,6294.40,773.0,0
W-0193,2026-06-15,751.19,29.99,10.00,721.20,0,0.00,0.00,7148.94,5004.26,0
W-0193,2026-06-22,344.09,189.00,189.00,155.09,0,0.00,0.00,7364.75,272.77,0
W-0193,2026-06-29,440.95,65.71,0.00,375.24,0,0.00,0.00,7933.98,,0
W-0194,2026-03-30,132.13,226.53,212.16,-94.40,0,0.00,0.00,7688.40,253.67,0
W-0194,2026-04-06,820.95,382.48,171.14,438.47,0,0.00,0.00,7305.92,298.83,0
W-0194,2026-04-13,797.80,2085.53,2045.68,-1287.73,0,0.00,0.00,7039.68,24.09,0
W-0194,2026-04-20,1340.57,410.39,234.68,930.18,0,0.00,0.00,6473.00,193.08,0
W-0194,2026-04-27,1080.65,401.14,290.87,679.51,1,101.19,0.00,4512.09,108.59,0
W-0194,2026-05-04,363.37,351.95,287.67,11.42,0,0.00,0.00,5719.91,139.19,0
W-0194,2026-05-11,233.71,1918.11,1722.78,-1684.40,0,0.00,0.00,5387.80,21.89,0
W-0194,2026-05-18,508.31,576.50,534.86,-68.19,0,0.00,0.00,4888.30,63.98,0
W-0194,2026-05-25,1093.13,376.17,349.64,716.96,0,0.00,0.00,4512.13,90.34,0
W-0194,2026-06-01,1504.18,575.52,280.69,928.66,0,0.00,0.00,7999.63,199.5,0
W-0194,2026-06-08,1544.42,398.35,190.27,1146.07,1,114.73,5.74,9759.21,359.04,0
W-0194,2026-06-15,1087.45,2191.76,1838.30,-1104.31,0,0.00,0.00,3009.50,11.46,0
W-0194,2026-06-22,812.73,222.88,174.02,589.85,0,0.00,0.00,11485.92,462.02,0
W-0194,2026-06-29,1244.54,242.24,242.24,1002.30,0,0.00,0.00,12496.54,361.11,0
W-0195,2026-03-30,226.71,98.91,14.55,127.80,0,0.00,0.00,1989.10,956.96,0
W-0195,2026-04-06,554.13,198.87,82.08,355.26,0,0.00,0.00,1790.23,152.68,0
W-0195,2026-04-13,250.02,2217.15,1979.47,-1967.13,1,72.70,2.18,1480.49,5.24,0
W-0195,2026-04-20,147.32,526.46,443.95,-379.14,0,0.00,0.00,1067.62,16.83,0
W-0195,2026-04-27,600.02,369.84,296.23,230.18,0,0.00,0.00,722.65,17.08,0
W-0195,2026-05-04,1175.52,124.55,0.00,1050.97,0,0.00,0.00,3068.67,,0
W-0195,2026-05-11,474.60,2107.90,1994.74,-1633.30,1,44.14,1.99,334.33,1.17,0
W-0195,2026-05-18,343.60,497.57,220.79,-153.97,2,73.48,1.99,-11.24,-0.36,1
W-0195,2026-05-25,864.65,0.00,0.00,864.65,1,71.33,4.99,4751.52,,0
W-0195,2026-06-01,810.04,0.00,0.00,810.04,0,0.00,0.00,5201.80,,0
W-0195,2026-06-08,847.22,70.00,70.00,777.22,1,38.02,0.00,6408.78,640.88,0
W-0195,2026-06-15,713.42,1956.00,1956.00,-1242.58,0,0.00,0.00,2088.01,7.47,0
W-0195,2026-06-22,698.64,12.67,0.00,685.97,1,137.28,6.86,7626.73,,0
W-0195,2026-06-29,330.17,5.00,5.00,325.17,0,0.00,0.00,7989.79,11185.71,0
W-0196,2026-03-30,175.72,1820.09,1724.47,-1644.37,0,0.00,0.00,2395.89,9.73,0
W-0196,2026-04-06,685.26,483.57,483.57,201.69,0,0.00,0.00,1921.49,27.81,0
W-0196,2026-04-13,298.14,435.39,309.78,-137.25,0,0.00,0.00,3368.15,76.11,0
W-0196,2026-04-20,837.74,308.09,282.53,529.65,0,0.00,0.00,2042.47,50.6,0
W-0196,2026-04-27,665.10,1584.97,1490.53,-919.87,0,0.00,0.00,2791.41,13.11,0
W-0196,2026-05-04,423.08,696.82,479.29,-273.74,0,0.00,0.00,592.22,8.65,0
W-0196,2026-05-11,456.66,360.39,254.85,96.27,0,0.00,0.00,296.83,8.15,0
W-0196,2026-05-18,490.86,374.18,292.89,116.68,0,0.00,0.00,-9.37,-0.22,1
W-0196,2026-05-25,806.13,5.00,5.00,801.13,0,0.00,0.00,4968.14,6955.4,0
W-0196,2026-06-01,376.54,1583.00,1583.00,-1206.46,0,0.00,0.00,5344.68,23.63,0
W-0196,2026-06-08,605.15,0.00,0.00,605.15,0,0.00,0.00,5682.68,,0
W-0196,2026-06-15,650.66,118.00,118.00,532.66,0,0.00,0.00,6188.51,367.12,0
W-0196,2026-06-22,600.20,66.96,5.00,533.24,0,0.00,0.00,7283.30,10196.62,0
W-0196,2026-06-29,534.46,36.62,0.00,497.84,0,0.00,0.00,7735.15,,0
W-0197,2026-03-30,500.04,2389.52,2264.27,-1889.48,0,0.00,0.00,1092.23,3.38,0
W-0197,2026-04-06,450.12,323.18,246.93,126.94,0,0.00,0.00,1318.30,37.37,0
W-0197,2026-04-13,722.74,426.36,403.32,296.38,0,0.00,0.00,428.69,7.44,0
W-0197,2026-04-20,771.91,147.94,80.86,623.97,0,0.00,0.00,280.75,24.3,0
W-0197,2026-04-27,361.13,2559.68,2559.68,-2198.55,0,0.00,0.00,2954.22,8.08,0
W-0197,2026-05-04,480.52,130.00,130.00,350.52,0,0.00,0.00,3227.35,173.78,0
W-0197,2026-05-11,538.16,86.00,86.00,452.16,0,0.00,0.00,3914.55,318.63,0
W-0197,2026-05-18,624.66,19.68,0.00,604.98,0,0.00,0.00,-243.61,,1
W-0197,2026-05-25,272.16,0.00,0.00,272.16,0,0.00,0.00,5122.05,,0
W-0197,2026-06-01,798.09,2185.00,2185.00,-1386.91,0,0.00,0.00,2532.75,8.11,0
W-0197,2026-06-08,537.50,0.00,0.00,537.50,0,0.00,0.00,6415.53,,0
W-0197,2026-06-15,477.23,91.00,91.00,386.23,0,0.00,0.00,6688.73,514.52,0
W-0197,2026-06-22,712.63,5.00,5.00,707.63,0,0.00,0.00,7675.60,10745.84,0
W-0197,2026-06-29,620.12,0.00,0.00,620.12,0,0.00,0.00,7930.33,,0
W-0198,2026-03-30,399.62,1326.76,1310.83,-927.14,0,0.00,0.00,7770.12,41.49,0
W-0198,2026-04-06,779.98,502.41,361.65,277.57,0,0.00,0.00,1833.99,35.5,0
W-0198,2026-04-13,766.74,826.12,658.80,-59.38,0,0.00,0.00,6590.59,70.03,0
W-0198,2026-04-20,577.84,349.51,318.41,228.33,0,0.00,0.00,6241.08,137.21,0
W-0198,2026-04-27,1011.47,1351.98,1179.94,-340.51,0,0.00,0.00,4122.09,24.45,0
W-0198,2026-05-04,584.83,208.83,50.00,376.00,0,0.00,0.00,8616.88,1206.36,0
W-0198,2026-05-11,592.99,388.94,290.78,204.05,0,0.00,0.00,5168.33,124.42,0
W-0198,2026-05-18,650.09,748.70,509.31,-98.61,0,0.00,0.00,4518.63,62.1,0
W-0198,2026-05-25,1022.79,100.53,57.56,922.26,0,0.00,0.00,4418.10,537.29,0
W-0198,2026-06-01,731.30,1319.84,1016.53,-588.54,0,0.00,0.00,7792.26,53.66,0
W-0198,2026-06-08,1237.60,560.33,295.07,677.27,0,0.00,0.00,3414.93,81.01,0
W-0198,2026-06-15,745.72,535.25,421.48,210.47,0,0.00,0.00,2978.68,49.47,0
W-0198,2026-06-22,1284.15,539.44,352.39,744.71,0,0.00,0.00,2475.96,49.18,0
W-0198,2026-06-29,442.76,206.28,206.28,236.48,0,0.00,0.00,11015.75,373.81,0
W-0199,2026-03-30,297.80,653.12,540.52,-355.32,1,89.74,1.99,3758.43,48.67,0
W-0199,2026-04-06,548.57,295.81,144.60,252.76,0,0.00,0.00,3471.53,168.05,0
W-0199,2026-04-13,761.20,1289.36,1188.72,-528.16,0,0.00,0.00,1896.54,11.17,0
W-0199,2026-04-20,856.59,326.44,289.36,530.15,0,0.00,0.00,2581.81,62.46,0
W-0199,2026-04-27,385.83,773.99,625.46,-388.16,0,0.00,0.00,2293.26,25.67,0
W-0199,2026-05-04,562.02,635.04,486.41,-73.02,0,0.00,0.00,1642.70,23.64,0
W-0199,2026-05-11,604.99,1200.36,1145.46,-595.37,1,31.71,1.99,3880.93,23.72,0
W-0199,2026-05-18,845.42,228.75,149.23,616.67,0,0.00,0.00,1224.59,57.44,0
W-0199,2026-05-25,556.15,767.28,530.21,-211.13,0,0.00,0.00,590.31,7.79,0
W-0199,2026-06-01,813.46,636.24,577.79,177.22,0,0.00,0.00,4767.46,57.76,0
W-0199,2026-06-08,332.38,45.88,5.00,286.50,0,0.00,0.00,6606.47,9249.06,0
W-0199,2026-06-15,481.89,1011.00,1011.00,-529.11,0,0.00,0.00,7163.95,49.6,0
W-0199,2026-06-22,650.35,138.00,138.00,512.35,0,0.00,0.00,7814.30,396.38,0
W-0199,2026-06-29,142.16,12.17,0.00,129.99,0,0.00,0.00,7956.46,,0
W-0200,2026-03-30,0.00,1885.09,1793.56,-1885.09,0,0.00,0.00,2908.26,11.35,0
W-0200,2026-04-06,945.58,397.04,348.25,548.54,0,0.00,0.00,913.69,18.37,0
W-0200,2026-04-13,628.64,622.44,578.32,6.20,0,0.00,0.00,2137.22,25.87,0
W-0200,2026-04-20,765.31,763.69,546.05,1.62,0,0.00,0.00,1373.53,17.61,0
W-0200,2026-04-27,1136.63,1880.23,1738.00,-743.60,0,0.00,0.00,1231.30,4.96,0
W-0200,2026-05-04,478.30,306.40,135.85,171.90,0,0.00,0.00,924.90,47.66,0
W-0200,2026-05-11,800.05,700.48,602.68,99.57,0,0.00,0.00,528.42,6.14,0
W-0200,2026-05-18,895.73,128.46,0.00,767.27,0,0.00,0.00,399.96,,0
W-0200,2026-05-25,488.40,467.53,386.66,20.87,0,0.00,0.00,169.69,3.07,0
W-0200,2026-06-01,797.74,1672.72,1662.61,-874.98,0,0.00,0.00,7005.25,29.49,0
W-0200,2026-06-08,946.82,220.00,220.00,726.82,1,70.92,3.55,7952.07,253.02,0
W-0200,2026-06-15,871.80,84.00,84.00,787.80,0,0.00,0.00,8823.87,735.32,0
W-0200,2026-06-22,300.82,220.00,220.00,80.82,0,0.00,0.00,9124.69,290.33,0
W-0200,2026-06-29,221.10,5.00,5.00,216.10,0,0.00,0.00,-7.29,-10.21,1
W-0201,2026-03-30,0.00,1325.34,1247.69,-1325.34,0,0.00,0.00,2078.84,11.66,0
W-0201,2026-04-06,792.28,996.40,862.49,-204.12,0,0.00,0.00,1701.87,13.81,0
W-0201,2026-04-13,770.82,507.37,374.96,263.45,0,0.00,0.00,1978.96,36.94,0
W-0201,2026-04-20,538.05,456.23,221.09,81.82,0,0.00,0.00,819.27,25.94,0
W-0201,2026-04-27,701.01,1479.64,1241.23,-778.63,0,0.00,0.00,305.82,1.72,0
W-0201,2026-05-04,376.60,903.40,808.42,-526.80,0,0.00,0.00,-18.77,-0.16,1
W-0201,2026-05-11,465.39,121.00,121.00,344.39,0,0.00,0.00,2681.61,155.13,0
W-0201,2026-05-18,304.62,0.00,0.00,304.62,0,0.00,0.00,4194.02,,0
W-0201,2026-05-25,646.49,81.00,81.00,565.49,0,0.00,0.00,4840.51,418.32,0
W-0201,2026-06-01,197.64,1370.00,1370.00,-1172.36,0,0.00,0.00,3005.61,15.36,0
W-0201,2026-06-08,686.02,220.00,220.00,466.02,0,0.00,0.00,2519.61,80.17,0
W-0201,2026-06-15,631.42,5.00,5.00,626.42,0,0.00,0.00,6355.59,8897.83,0
W-0201,2026-06-22,539.08,102.81,81.00,436.27,0,0.00,0.00,6894.67,595.84,0
W-0201,2026-06-29,622.94,0.00,0.00,622.94,0,0.00,0.00,7379.12,,0
W-0202,2026-03-30,168.61,2690.53,2499.50,-2521.92,0,0.00,0.00,385.17,1.08,0
W-0202,2026-04-06,432.33,5.06,5.06,427.27,0,0.00,0.00,545.80,755.06,0
W-0202,2026-04-13,265.16,84.86,0.00,180.30,0,0.00,0.00,-81.48,,1
W-0202,2026-04-20,500.90,62.00,62.00,438.90,0,0.00,0.00,1583.56,178.79,0
W-0202,2026-04-27,878.22,2384.00,2384.00,-1505.78,0,0.00,0.00,2374.23,6.97,0
W-0202,2026-05-04,839.65,0.00,0.00,839.65,0,0.00,0.00,3301.43,,0
W-0202,2026-05-11,242.28,0.00,0.00,242.28,1,80.28,5.62,3543.71,,0
W-0202,2026-05-18,626.26,62.00,62.00,564.26,0,0.00,0.00,4028.66,454.85,0
W-0202,2026-05-25,687.09,0.00,0.00,687.09,0,0.00,0.00,4857.06,,0
W-0202,2026-06-01,565.33,2429.63,2384.00,-1864.30,1,89.86,2.70,-137.11,-0.4,1
W-0202,2026-06-08,609.27,0.00,0.00,609.27,0,0.00,0.00,6031.66,,0
W-0202,2026-06-15,879.14,62.00,62.00,817.14,0,0.00,0.00,1954.97,220.72,0
W-0202,2026-06-22,439.75,10.00,10.00,429.75,0,0.00,0.00,7231.07,5061.75,0
W-0202,2026-06-29,292.42,27.16,0.00,265.26,0,0.00,0.00,7642.97,,0
W-0203,2026-03-30,0.00,1498.97,1397.71,-1498.97,0,0.00,0.00,4523.50,22.65,0
W-0203,2026-04-06,604.04,561.57,387.92,42.47,0,0.00,0.00,3930.74,70.93,0
W-0203,2026-04-13,828.49,232.46,189.40,596.03,0,0.00,0.00,1445.32,53.42,0
W-0203,2026-04-20,928.32,753.38,591.71,174.94,0,0.00,0.00,3275.80,38.75,0
W-0203,2026-04-27,352.46,1127.05,961.64,-774.59,0,0.00,0.00,2884.26,21.0,0
W-0203,2026-05-04,208.41,462.64,303.37,-254.23,0,0.00,0.00,2409.36,55.59,0
W-0203,2026-05-11,687.13,819.51,638.01,-132.38,0,0.00,0.00,1561.70,17.13,0
W-0203,2026-05-18,1182.80,584.64,529.08,598.16,0,0.00,0.00,977.06,12.93,0
W-0203,2026-05-25,996.19,563.26,470.99,432.93,0,0.00,0.00,746.50,11.09,0
W-0203,2026-06-01,338.95,1145.52,905.26,-806.57,0,0.00,0.00,294.28,2.28,0
W-0203,2026-06-08,290.09,283.20,167.44,6.89,0,0.00,0.00,11.08,0.46,0
W-0203,2026-06-15,544.08,44.94,0.00,499.14,0,0.00,0.00,7192.53,,0
W-0203,2026-06-22,926.05,300.00,300.00,626.05,0,0.00,0.00,7856.07,183.31,0
W-0203,2026-06-29,224.70,0.00,0.00,224.70,0,0.00,0.00,8343.28,,0
W-0204,2026-03-30,254.97,1226.05,1187.94,-971.08,0,0.00,0.00,3813.17,22.47,0
W-0204,2026-04-06,454.27,1311.97,1099.21,-857.70,0,0.00,0.00,3292.20,20.97,0
W-0204,2026-04-13,542.86,282.33,225.24,260.53,0,0.00,0.00,3009.87,93.54,0
W-0204,2026-04-20,414.17,515.74,458.46,-101.57,0,0.00,0.00,2623.31,40.05,0
W-0204,2026-04-27,804.49,1084.10,1072.16,-279.61,0,0.00,0.00,2255.03,14.72,0
W-0204,2026-05-04,827.73,1390.14,1286.52,-562.41,0,0.00,0.00,1903.98,10.36,0
W-0204,2026-05-11,892.82,393.31,266.27,499.51,0,0.00,0.00,1338.58,35.19,0
W-0204,2026-05-18,887.71,447.31,283.46,440.40,0,0.00,0.00,5299.55,130.87,0
W-0204,2026-05-25,382.24,466.13,355.26,-83.89,0,0.00,0.00,545.55,10.75,0
W-0204,2026-06-01,784.08,2043.86,1877.99,-1259.78,0,0.00,0.00,4186.22,15.6,0
W-0204,2026-06-08,628.97,97.26,23.20,531.71,0,0.00,0.00,6928.44,2090.48,0
W-0204,2026-06-15,991.78,68.00,68.00,923.78,0,0.00,0.00,7985.07,821.99,0
W-0204,2026-06-22,882.02,0.00,0.00,882.02,0,0.00,0.00,8968.64,,0
W-0204,2026-06-29,353.58,0.00,0.00,353.58,0,0.00,0.00,9322.22,,0
W-0205,2026-03-30,83.22,188.08,141.06,-104.86,0,0.00,0.00,2150.27,106.71,0
W-0205,2026-04-06,548.18,417.77,323.96,130.41,1,34.95,0.00,1712.00,36.99,0
W-0205,2026-04-13,621.02,2505.40,2405.96,-1884.38,0,0.00,0.00,966.57,2.81,0
W-0205,2026-04-20,533.06,461.77,433.32,71.29,0,0.00,0.00,1919.00,31.0,0
W-0205,2026-04-27,755.59,507.71,253.14,247.88,0,0.00,0.00,-0.88,-0.02,1
W-0205,2026-05-04,307.52,0.00,0.00,307.52,0,0.00,0.00,2982.11,,0
W-0205,2026-05-11,848.89,1717.51,1696.00,-868.62,0,0.00,0.00,3915.86,16.16,0
W-0205,2026-05-18,576.23,0.00,0.00,576.23,0,0.00,0.00,4594.19,,0
W-0205,2026-05-25,649.21,0.00,0.00,649.21,0,0.00,0.00,5056.44,,0
W-0205,2026-06-01,419.06,71.00,71.00,348.06,1,66.73,3.34,5475.50,539.84,0
W-0205,2026-06-08,576.56,54.89,10.00,521.67,1,54.35,2.72,-82.28,-57.6,1
W-0205,2026-06-15,248.08,1691.00,1691.00,-1442.92,0,0.00,0.00,6118.49,25.33,0
W-0205,2026-06-22,790.74,43.29,0.00,747.45,1,41.13,0.00,7213.54,,0
W-0205,2026-06-29,441.97,5.00,5.00,436.97,0,0.00,0.00,7365.55,10311.77,0
W-0206,2026-03-30,343.69,309.73,309.73,33.96,0,0.00,0.00,723.35,16.35,0
W-0206,2026-04-06,567.97,674.43,573.13,-106.46,1,79.55,1.99,1291.32,15.77,0
W-0206,2026-04-13,163.22,1096.22,1018.22,-933.00,0,0.00,0.00,2300.50,15.82,0
W-0206,2026-04-20,412.93,447.63,170.09,-34.70,0,0.00,0.00,1867.47,76.86,0
W-0206,2026-04-27,690.93,1107.33,925.54,-416.40,0,0.00,0.00,2558.40,19.35,0
W-0206,2026-05-04,246.27,593.13,409.18,-346.86,0,0.00,0.00,364.40,6.23,0
W-0206,2026-05-11,532.10,1247.55,1056.62,-715.45,0,0.00,0.00,3336.77,22.11,0
W-0206,2026-05-18,561.53,117.91,88.00,443.62,0,0.00,0.00,3898.30,310.09,0
W-0206,2026-05-25,507.00,0.00,0.00,507.00,1,111.39,7.80,4405.30,,0
W-0206,2026-06-01,310.75,128.99,119.00,181.76,0,0.00,0.00,3360.89,197.7,0
W-0206,2026-06-08,671.14,0.00,0.00,671.14,0,0.00,0.00,5387.19,,0
W-0206,2026-06-15,475.68,989.00,989.00,-513.32,1,85.74,4.29,3732.86,26.42,0
W-0206,2026-06-22,560.08,0.00,0.00,560.08,2,112.95,7.34,6422.95,,0
W-0206,2026-06-29,261.91,39.41,0.00,222.50,0,0.00,0.00,6684.86,,0
W-0207,2026-03-30,116.22,1651.37,1464.00,-1535.15,0,0.00,0.00,1282.11,6.13,0
W-0207,2026-04-06,604.55,329.02,229.57,275.53,0,0.00,0.00,953.09,29.06,0
W-0207,2026-04-13,352.40,577.92,550.68,-225.52,0,0.00,0.00,547.17,6.96,0
W-0207,2026-04-20,697.90,477.66,370.08,220.24,0,0.00,0.00,69.51,1.31,0
W-0207,2026-04-27,492.14,1647.45,1635.32,-1155.31,0,0.00,0.00,2606.62,11.16,0
W-0207,2026-05-04,319.56,5.00,5.00,314.56,1,43.10,2.16,-44.94,-62.92,1
W-0207,2026-05-11,472.39,305.57,177.00,166.82,1,59.04,4.13,-178.51,-7.06,1
W-0207,2026-05-18,91.51,5.00,5.00,86.51,0,0.00,0.00,3490.08,4886.11,0
W-0207,2026-05-25,789.87,343.99,246.00,445.88,0,0.00,0.00,4054.07,115.36,0
W-0207,2026-06-01,495.45,1292.00,1292.00,-796.55,0,0.00,0.00,4631.61,25.09,0
W-0207,2026-06-08,338.07,172.00,172.00,166.07,0,0.00,0.00,5207.06,211.92,0
W-0207,2026-06-15,732.15,10.00,10.00,722.15,3,166.09,11.24,5845.62,4091.93,0
W-0207,2026-06-22,501.60,251.00,251.00,250.60,0,0.00,0.00,2673.48,74.56,0
W-0207,2026-06-29,424.26,0.00,0.00,424.26,0,0.00,0.00,6660.61,,0
W-0208,2026-03-30,188.30,1822.53,1789.02,-1634.23,0,0.00,0.00,492.54,1.93,0
W-0208,2026-04-06,710.89,615.11,550.74,95.78,0,0.00,0.00,-6.57,-0.08,1
W-0208,2026-04-13,411.38,70.98,10.00,340.40,0,0.00,0.00,-77.55,-54.28,1
W-0208,2026-04-20,193.93,85.00,85.00,108.93,0,0.00,0.00,1608.81,132.49,0
W-0208,2026-04-27,503.64,1674.00,1674.00,-1170.36,0,0.00,0.00,2112.45,8.83,0
W-0208,2026-05-04,542.07,116.00,116.00,426.07,0,0.00,0.00,757.07,45.69,0
W-0208,2026-05-11,653.82,5.00,5.00,648.82,0,0.00,0.00,3308.34,4631.68,0
W-0208,2026-05-18,219.47,85.00,85.00,134.47,1,29.55,1.99,3527.81,290.53,0
W-0208,2026-05-25,286.27,0.00,0.00,286.27,1,97.03,6.79,3814.08,,0
W-0208,2026-06-01,684.26,1678.80,1674.00,-994.54,0,0.00,0.00,4498.34,18.81,0
W-0208,2026-06-08,469.83,196.39,121.00,273.44,2,114.71,1.99,-167.74,-9.7,1
W-0208,2026-06-15,275.77,44.98,5.00,230.79,0,0.00,0.00,-212.72,-297.81,1
W-0208,2026-06-22,677.56,191.47,95.00,486.09,0,0.00,0.00,6062.88,446.74,0
W-0208,2026-06-29,344.57,0.00,0.00,344.57,0,0.00,0.00,6266.07,,0
W-0209,2026-03-30,497.25,2103.69,2083.53,-1606.44,0,0.00,0.00,3716.22,12.49,0
W-0209,2026-04-06,474.68,462.57,389.76,12.11,0,0.00,0.00,3077.49,55.27,0
W-0209,2026-04-13,539.23,253.48,130.37,285.75,0,0.00,0.00,1538.30,82.6,0
W-0209,2026-04-20,716.63,102.11,30.04,614.52,1,63.71,1.99,2766.90,644.75,0
W-0209,2026-04-27,561.85,2086.36,1929.42,-1524.51,0,0.00,0.00,2001.54,7.26,0
W-0209,2026-05-04,592.87,455.10,425.39,137.77,0,0.00,0.00,1546.44,25.45,0
W-0209,2026-05-11,780.65,294.41,212.74,486.24,0,0.00,0.00,1252.03,41.2,0
W-0209,2026-05-18,331.80,584.44,423.09,-252.64,1,35.99,1.99,755.17,12.49,0
W-0209,2026-05-25,836.75,179.71,87.58,657.04,0,0.00,0.00,538.88,43.07,0
W-0209,2026-06-01,677.76,1695.04,1589.73,-1017.28,0,0.00,0.00,164.84,0.73,0
W-0209,2026-06-08,302.59,183.40,160.67,119.19,0,0.00,0.00,6346.98,276.52,0
W-0209,2026-06-15,1009.12,86.31,51.00,922.81,0,0.00,0.00,7751.64,1063.95,0
W-0209,2026-06-22,651.44,0.00,0.00,651.44,0,0.00,0.00,8225.63,,0
W-0209,2026-06-29,207.12,0.00,0.00,207.12,0,0.00,0.00,8432.75,,0
W-0210,2026-03-30,435.16,1607.12,1353.55,-1171.96,0,0.00,0.00,582.34,3.01,0
W-0210,2026-04-06,860.25,829.41,770.93,30.84,0,0.00,0.00,3576.81,32.48,0
W-0210,2026-04-13,815.97,370.13,310.34,445.84,0,0.00,0.00,3194.85,72.06,0
W-0210,2026-04-20,396.93,595.21,376.70,-198.28,0,0.00,0.00,2599.64,48.31,0
W-0210,2026-04-27,1156.70,1421.08,1234.91,-264.38,0,0.00,0.00,2168.56,12.29,0
W-0210,2026-05-04,612.70,769.88,754.51,-157.18,0,0.00,0.00,1880.68,17.45,0
W-0210,2026-05-11,239.36,490.71,410.31,-251.35,0,0.00,0.00,1389.97,23.71,0
W-0210,2026-05-18,384.87,147.46,125.70,237.41,0,0.00,0.00,1242.51,69.19,0
W-0210,2026-05-25,491.42,420.87,259.20,70.55,0,0.00,0.00,821.64,22.19,0
W-0210,2026-06-01,744.12,1673.72,1539.58,-929.60,0,0.00,0.00,6284.66,28.57,0
W-0210,2026-06-08,953.89,641.25,563.89,312.64,0,0.00,0.00,7089.14,88.0,0
W-0210,2026-06-15,409.51,0.00,0.00,409.51,0,0.00,0.00,7727.98,,0
W-0210,2026-06-22,845.26,5.00,5.00,840.26,0,0.00,0.00,8836.30,12370.82,0
W-0210,2026-06-29,452.19,0.00,0.00,452.19,0,0.00,0.00,8689.30,,0
W-0211,2026-03-30,149.73,163.70,16.86,-13.97,0,0.00,0.00,5525.72,2294.19,0
W-0211,2026-04-06,972.82,213.41,185.25,759.41,1,103.86,5.19,5312.31,200.74,0
W-0211,2026-04-13,437.37,1407.02,1204.64,-969.65,1,47.30,0.00,4657.29,27.06,0
W-0211,2026-04-20,711.36,573.11,389.72,138.25,1,22.00,1.99,4234.63,76.06,0
W-0211,2026-04-27,581.19,361.73,281.81,219.46,1,71.26,4.99,3854.45,95.74,0
W-0211,2026-05-04,750.47,289.76,208.81,460.71,0,0.00,0.00,3564.69,119.5,0
W-0211,2026-05-11,763.29,1091.07,777.78,-327.78,0,0.00,0.00,4654.20,41.89,0
W-0211,2026-05-18,899.81,528.28,391.00,371.53,1,61.47,0.00,5703.58,102.11,0
W-0211,2026-05-25,685.09,621.30,439.28,63.79,0,0.00,0.00,2208.04,35.19,0
W-0211,2026-06-01,543.08,245.05,182.35,298.03,0,0.00,0.00,6782.18,260.35,0
W-0211,2026-06-08,566.24,403.44,199.28,162.80,0,0.00,0.00,1612.55,56.64,0
W-0211,2026-06-15,364.24,1371.27,956.13,-1007.03,0,0.00,0.00,954.00,6.98,0
W-0211,2026-06-22,266.32,663.37,584.28,-397.05,0,0.00,0.00,408.91,4.9,0
W-0211,2026-06-29,362.44,254.54,237.18,107.90,0,0.00,0.00,8341.42,246.18,0
W-0212,2026-03-30,195.47,1097.31,855.34,-901.84,0,0.00,0.00,5489.01,44.92,0
W-0212,2026-04-06,764.66,649.96,555.34,114.70,0,0.00,0.00,5053.05,63.69,0
W-0212,2026-04-13,401.21,526.28,479.27,-125.07,0,0.00,0.00,4526.77,66.12,0
W-0212,2026-04-20,573.77,633.94,478.72,-60.17,0,0.00,0.00,4111.17,60.11,0
W-0212,2026-04-27,1086.92,980.20,889.00,106.72,0,0.00,0.00,3582.19,28.21,0
W-0212,2026-05-04,530.65,702.77,574.18,-172.12,0,0.00,0.00,3352.81,40.88,0
W-0212,2026-05-11,749.33,1154.01,791.68,-404.68,0,0.00,0.00,2306.92,20.4,0
W-0212,2026-05-18,652.63,530.11,424.33,122.52,0,0.00,0.00,1810.74,29.87,0
W-0212,2026-05-25,763.28,373.34,216.41,389.94,0,0.00,0.00,6268.01,202.75,0
W-0212,2026-06-01,777.18,1157.34,988.59,-380.16,0,0.00,0.00,1005.75,7.12,0
W-0212,2026-06-08,601.44,696.25,600.38,-94.81,0,0.00,0.00,456.81,5.33,0
W-0212,2026-06-15,583.31,357.71,150.19,225.60,0,0.00,0.00,99.10,4.62,0
W-0212,2026-06-22,745.13,313.70,269.17,431.43,0,0.00,0.00,8781.23,228.36,0
W-0212,2026-06-29,383.09,0.00,0.00,383.09,0,0.00,0.00,9164.32,,0
W-0213,2026-03-30,143.17,1005.01,911.10,-861.84,0,0.00,0.00,483.62,3.72,0
W-0213,2026-04-06,837.29,724.76,633.97,112.53,0,0.00,0.00,4248.77,46.91,0
W-0213,2026-04-13,573.93,362.60,278.60,211.33,0,0.00,0.00,3886.17,97.64,0
W-0213,2026-04-20,511.00,298.77,76.31,212.23,0,0.00,0.00,3587.40,329.08,0
W-0213,2026-04-27,737.18,1329.03,1215.94,-591.85,0,0.00,0.00,3139.55,18.07,0
W-0213,2026-05-04,692.99,647.40,456.09,45.59,0,0.00,0.00,2573.97,39.5,0
W-0213,2026-05-11,456.05,70.96,70.96,385.09,0,0.00,0.00,4592.93,453.08,0
W-0213,2026-05-18,702.64,311.04,234.24,391.60,0,0.00,0.00,2191.97,65.5,0
W-0213,2026-05-25,550.54,639.16,560.84,-88.62,1,67.04,2.01,1634.81,20.4,0
W-0213,2026-06-01,389.16,1207.80,1029.45,-818.64,0,0.00,0.00,5865.06,39.88,0
W-0213,2026-06-08,517.24,378.60,361.91,138.64,0,0.00,0.00,929.41,17.98,0
W-0213,2026-06-15,477.32,495.93,338.53,-18.61,0,0.00,0.00,451.37,9.33,0
W-0213,2026-06-22,440.50,411.45,390.99,29.05,0,0.00,0.00,153.27,2.74,0
W-0213,2026-06-29,617.08,80.64,80.64,536.44,0,0.00,0.00,7916.11,687.16,0
W-0214,2026-03-30,317.40,1530.86,1523.28,-1213.46,0,0.00,0.00,1821.51,8.37,0
W-0214,2026-04-06,448.91,895.77,895.77,-446.86,0,0.00,0.00,1545.16,12.07,0
W-0214,2026-04-13,602.23,458.82,344.00,143.41,2,97.87,1.99,1154.34,23.49,0
W-0214,2026-04-20,1164.52,381.63,297.07,782.89,0,0.00,0.00,865.71,20.4,0
W-0214,2026-04-27,690.01,1564.96,1382.35,-874.95,0,0.00,0.00,365.75,1.85,0
W-0214,2026-05-04,408.07,932.67,781.71,-524.60,0,0.00,0.00,60.08,0.54,0
W-0214,2026-05-11,646.31,210.92,163.23,435.39,0,0.00,0.00,4568.03,195.9,0
W-0214,2026-05-18,357.62,93.00,93.00,264.62,0,0.00,0.00,4818.04,362.65,0
W-0214,2026-05-25,293.11,0.00,0.00,293.11,0,0.00,0.00,5218.76,,0
W-0214,2026-06-01,679.19,1692.00,1692.00,-1012.81,1,49.05,0.00,5897.95,24.4,0
W-0214,2026-06-08,362.03,0.00,0.00,362.03,0,0.00,0.00,6448.58,,0
W-0214,2026-06-15,817.88,161.00,161.00,656.88,0,0.00,0.00,7196.43,312.89,0
W-0214,2026-06-22,657.37,17.13,0.00,640.24,0,0.00,0.00,7735.23,,0
W-0214,2026-06-29,103.56,0.00,0.00,103.56,0,0.00,0.00,7838.79,,0
W-0215,2026-03-30,237.11,1259.40,1243.34,-1022.29,1,35.40,2.48,2948.54,16.6,0
W-0215,2026-04-06,511.06,895.59,647.65,-384.53,0,0.00,0.00,2052.95,22.19,0
W-0215,2026-04-13,612.40,635.22,498.42,-22.82,0,0.00,0.00,1680.73,23.6,0
W-0215,2026-04-20,345.45,379.31,199.22,-33.86,0,0.00,0.00,1301.42,45.73,0
W-0215,2026-04-27,862.20,1477.21,1291.68,-615.01,1,44.78,1.99,779.21,4.22,0
W-0215,2026-05-04,613.80,362.23,256.97,251.57,1,97.91,4.90,522.24,14.23,0
W-0215,2026-05-11,596.46,662.96,526.30,-66.50,1,78.86,2.37,183.41,2.44,0
W-0215,2026-05-18,770.87,86.00,86.00,684.87,0,0.00,0.00,4589.75,373.58,0
W-0215,2026-05-25,329.82,182.00,182.00,147.82,0,0.00,0.00,3616.94,139.11,0
W-0215,2026-06-01,251.07,773.00,773.00,-521.93,0,0.00,0.00,5403.83,48.94,0
W-0215,2026-06-08,557.44,187.00,187.00,370.44,1,48.87,0.00,-73.98,-2.77,1
W-0215,2026-06-15,268.11,91.00,91.00,177.11,1,66.89,3.34,-83.98,-6.46,1
W-0215,2026-06-22,348.55,182.00,182.00,166.55,1,51.85,1.99,6551.07,251.96,0
W-0215,2026-06-29,427.20,5.00,5.00,422.20,0,0.00,0.00,6824.29,9554.01,0
W-0216,2026-03-30,121.01,1003.02,986.79,-882.01,0,0.00,0.00,446.19,3.17,0
W-0216,2026-04-06,374.58,779.21,500.62,-404.63,0,0.00,0.00,1092.19,15.27,0
W-0216,2026-04-13,1292.08,537.18,343.95,754.90,0,0.00,0.00,5231.49,106.47,0
W-0216,2026-04-20,216.01,472.87,297.13,-256.86,0,0.00,0.00,4758.62,112.11,0
W-0216,2026-04-27,880.63,1051.60,1032.98,-170.97,0,0.00,0.00,4481.02,30.37,0
W-0216,2026-05-04,705.68,717.88,608.48,-12.20,0,0.00,0.00,3763.14,43.29,0
W-0216,2026-05-11,968.77,394.29,161.82,574.48,0,0.00,0.00,3368.85,145.73,0
W-0216,2026-05-18,651.78,1316.80,1017.06,-665.02,0,0.00,0.00,2067.76,14.23,0
W-0216,2026-05-25,697.16,851.10,631.68,-153.94,0,0.00,0.00,1242.95,13.77,0
W-0216,2026-06-01,779.23,1311.44,986.16,-532.21,0,0.00,0.00,663.51,4.71,0
W-0216,2026-06-08,645.59,220.02,50.37,425.57,0,0.00,0.00,443.49,61.63,0
W-0216,2026-06-15,964.34,201.88,32.02,762.46,0,0.00,0.00,8477.11,1853.21,0
W-0216,2026-06-22,348.39,298.82,150.80,49.57,0,0.00,0.00,6818.90,316.53,0
W-0216,2026-06-29,315.40,5.00,5.00,310.40,0,0.00,0.00,9140.90,12797.26,0
W-0217,2026-03-30,193.27,1208.51,1090.53,-1015.24,0,0.00,0.00,9193.26,59.01,0
W-0217,2026-04-06,1101.86,638.37,469.16,463.49,0,0.00,0.00,8847.49,132.01,0
W-0217,2026-04-13,788.98,396.77,236.39,392.21,0,0.00,0.00,8450.72,250.24,0
W-0217,2026-04-20,1406.00,497.41,350.72,908.59,0,0.00,0.00,8172.30,163.11,0
W-0217,2026-04-27,911.54,1380.83,1342.93,-469.29,1,81.44,4.07,7737.47,40.33,0
W-0217,2026-05-04,1182.83,965.67,859.62,217.16,0,0.00,0.00,7207.07,58.69,0
W-0217,2026-05-11,733.40,209.92,193.32,523.48,0,0.00,0.00,6924.88,250.75,0
W-0217,2026-05-18,882.67,477.92,364.35,404.75,0,0.00,0.00,6508.95,125.05,0
W-0217,2026-05-25,1461.76,581.65,403.52,880.11,0,0.00,0.00,6124.20,106.24,0
W-0217,2026-06-01,918.24,1872.39,1618.93,-954.15,1,153.52,1.99,5520.91,23.87,0
W-0217,2026-06-08,916.74,650.26,503.54,266.48,0,0.00,0.00,4932.90,68.58,0
W-0217,2026-06-15,1613.98,457.03,299.71,1156.95,0,0.00,0.00,4478.89,104.61,0
W-0217,2026-06-22,924.68,564.50,364.10,360.18,0,0.00,0.00,4138.79,79.57,0
W-0217,2026-06-29,564.36,51.88,51.88,512.48,1,112.09,7.85,13969.34,1884.84,0
W-0218,2026-03-30,461.98,95.43,46.18,366.55,0,0.00,0.00,841.49,127.55,0
W-0218,2026-04-06,688.80,670.35,641.93,18.45,0,0.00,0.00,1530.29,16.69,0
W-0218,2026-04-13,1095.42,1946.94,1762.44,-851.52,0,0.00,0.00,4947.75,19.65,0
W-0218,2026-04-20,521.77,287.51,168.06,234.26,0,0.00,0.00,4660.24,194.11,0
W-0218,2026-04-27,855.77,377.15,309.13,478.62,0,0.00,0.00,4316.70,97.75,0
W-0218,2026-05-04,576.07,934.37,741.52,-358.30,0,0.00,0.00,3755.72,35.45,0
W-0218,2026-05-11,658.18,1597.76,1505.82,-939.58,0,0.00,0.00,3591.95,16.7,0
W-0218,2026-05-18,921.57,437.70,362.23,483.87,1,25.96,1.99,3154.25,60.96,0
W-0218,2026-05-25,902.00,414.19,343.93,487.81,0,0.00,0.00,2809.16,57.17,0
W-0218,2026-06-01,940.46,994.86,878.55,-54.40,0,0.00,0.00,2110.20,16.81,0
W-0218,2026-06-08,995.27,845.54,630.68,149.73,0,0.00,0.00,1394.77,15.48,0
W-0218,2026-06-15,442.63,1739.09,1604.31,-1296.46,0,0.00,0.00,1001.56,4.37,0
W-0218,2026-06-22,1302.16,309.03,199.43,993.13,0,0.00,0.00,10926.89,383.53,0
W-0218,2026-06-29,600.86,0.00,0.00,600.86,0,0.00,0.00,11342.45,,0
W-0219,2026-03-30,93.31,1599.57,1469.96,-1506.26,0,0.00,0.00,3321.73,15.82,0
W-0219,2026-04-06,547.99,420.92,245.60,127.07,0,0.00,0.00,1186.13,33.81,0
W-0219,2026-04-13,985.18,494.10,427.15,491.08,0,0.00,0.00,2550.71,41.8,0
W-0219,2026-04-20,467.00,324.75,27.94,142.25,0,0.00,0.00,2225.96,557.69,0
W-0219,2026-04-27,804.33,1616.12,1531.36,-811.79,0,0.00,0.00,1926.84,8.81,0
W-0219,2026-05-04,474.47,238.71,176.16,235.76,0,0.00,0.00,1736.29,68.99,0
W-0219,2026-05-11,510.96,472.48,262.49,38.48,0,0.00,0.00,1353.64,36.1,0
W-0219,2026-05-18,846.42,212.92,152.00,633.50,0,0.00,0.00,1207.39,55.6,0
W-0219,2026-05-25,406.13,494.17,335.76,-88.04,0,0.00,0.00,672.16,14.01,0
W-0219,2026-06-01,1105.53,1599.72,1403.78,-494.19,0,0.00,0.00,6168.53,30.76,0
W-0219,2026-06-08,660.14,305.58,123.19,354.56,0,0.00,0.00,64.26,3.65,0
W-0219,2026-06-15,413.94,225.91,190.11,188.03,0,0.00,0.00,7685.51,282.99,0
W-0219,2026-06-22,171.24,0.00,0.00,171.24,0,0.00,0.00,7856.75,,0
W-0219,2026-06-29,130.55,0.00,0.00,130.55,0,0.00,0.00,7987.30,,0
W-0220,2026-03-30,539.19,1111.40,1067.47,-572.21,0,0.00,0.00,622.57,4.08,0
W-0220,2026-04-06,373.34,389.53,322.96,-16.19,0,0.00,0.00,5521.40,119.67,0
W-0220,2026-04-13,648.79,227.30,167.59,421.49,0,0.00,0.00,1644.70,68.7,0
W-0220,2026-04-20,881.27,494.94,364.47,386.33,0,0.00,0.00,2525.97,48.51,0
W-0220,2026-04-27,641.59,1249.54,1082.53,-607.95,0,0.00,0.00,4307.40,27.85,0
W-0220,2026-05-04,988.67,364.96,221.66,623.71,0,0.00,0.00,4156.23,131.25,0
W-0220,2026-05-11,515.05,1127.63,884.83,-612.58,0,0.00,0.00,2905.81,22.99,0
W-0220,2026-05-18,373.11,479.61,414.55,-106.50,0,0.00,0.00,2441.57,41.23,0
W-0220,2026-05-25,1163.48,867.13,690.56,296.35,0,0.00,0.00,1559.07,15.8,0
W-0220,2026-06-01,955.47,1104.52,1017.01,-149.05,0,0.00,0.00,7163.34,49.3,0
W-0220,2026-06-08,317.32,389.78,288.69,-72.46,0,0.00,0.00,985.77,23.9,0
W-0220,2026-06-15,346.56,245.06,182.81,101.50,0,0.00,0.00,7827.22,299.71,0
W-0220,2026-06-22,710.09,475.90,316.52,234.19,0,0.00,0.00,264.81,5.86,0
W-0220,2026-06-29,254.80,35.29,0.00,219.51,0,0.00,0.00,229.52,,0
